GRID_ID,WKT
ASD-3369,"MultiPolygon (((-3.48016131 50.41265893, -3.48153375 50.41106753, -3.48437669 50.41103127, -3.48584737 50.41258643, -3.48447505 50.41417787, -3.48163193 50.41421412, -3.48016131 50.41265893)))"
ARY-3370,"MultiPolygon (((-3.50133466 50.4076658, -3.50270622 50.40607418, -3.50554878 50.40603745, -3.50701998 50.40759235, -3.50564851 50.40918403, -3.50280577 50.40922076, -3.50133466 50.4076658)))"
ASA-3348,"MultiPolygon (((-3.49498612 50.47700048, -3.49635986 50.47540892, -3.49920659 50.47537231, -3.50067977 50.47692726, -3.49930613 50.47851888, -3.49645921 50.47855549, -3.49498612 50.47700048)))"
ASF-3372,"MultiPolygon (((-3.47133967 50.40332735, -3.47271213 50.40173606, -3.47555452 50.40170003, -3.47702464 50.40325528, -3.47565229 50.40484662, -3.47280971 50.40488266, -3.47133967 50.40332735)))"
AQZ-3368,"MultiPolygon (((-3.6082 50.41410689, -3.60956815 50.41251402, -3.61241104 50.41247465, -3.61388597 50.41402813, -3.61251792 50.41562105, -3.60967484 50.41566043, -3.6082 50.41410689)))"
ASD-3368,"MultiPolygon (((-3.48025941 50.41580552, -3.48163193 50.41421412, -3.48447505 50.41417787, -3.48594583 50.41573302, -3.48457343 50.41732446, -3.48173012 50.41736071, -3.48025941 50.41580552)))"
ARN-3370,"MultiPolygon (((-3.54829007 50.40862438, -3.54966011 50.4070322, -3.55250278 50.40699428, -3.55397557 50.40854856, -3.55260559 50.41014083, -3.54976274 50.41017875, -3.54829007 50.40862438)))"
ARG-3352,"MultiPolygon (((-3.57997057 50.46328647, -3.5813411 50.46169391, -3.584187 50.46165515, -3.58566252 50.46320894, -3.58429211 50.46480148, -3.58144604 50.46484028, -3.57997057 50.46328647)))"
ARH-3373,"MultiPolygon (((-3.57356206 50.39884133, -3.57493092 50.39724887, -3.57777293 50.39721035, -3.57924626 50.39876429, -3.5778775 50.4003568, -3.57503531 50.40039532, -3.57356206 50.39884133)))"
ASA-3349,"MultiPolygon (((-3.49488687 50.47385391, -3.49626052 50.47226234, -3.49910706 50.47222574, -3.50058014 50.47378069, -3.49920659 50.47537231, -3.49635986 50.47540892, -3.49488687 50.47385391)))"
ASH-3373,"MultiPolygon (((-3.46271526 50.40028834, -3.46408793 50.39869716, -3.46693015 50.39866134, -3.46839989 50.40021669, -3.46702733 50.40180792, -3.46418492 50.40184375, -3.46271526 50.40028834)))"
ASB-3368,"MultiPolygon (((-3.48878902 50.41569668, -3.49016124 50.41410519, -3.49300433 50.41406874, -3.4944754 50.41562379, -3.49310326 50.41721534, -3.49025998 50.41725178, -3.48878902 50.41569668)))"
ARK-3354,"MultiPolygon (((-3.56268729 50.45722419, -3.56405822 50.45563184, -3.56690376 50.45559356, -3.56837855 50.45714763, -3.56700773 50.45874004, -3.56416201 50.4587783, -3.56268729 50.45722419)))"
ASC-3346,"MultiPolygon (((-3.48664303 50.48340296, -3.48801723 50.48181149, -3.49086435 50.48177508, -3.49233746 50.48333014, -3.49096336 50.48492166, -3.48811605 50.48495807, -3.48664303 50.48340296)))"
ASC-3358,"MultiPolygon (((-3.48545957 50.44564385, -3.48683274 50.4440524, -3.4896776 50.44401604, -3.49114948 50.44557113, -3.48977641 50.44716264, -3.48693136 50.447199, -3.48545957 50.44564385)))"
ART-3363,"MultiPolygon (((-3.52341164 50.43098802, -3.52478314 50.42939612, -3.52762712 50.42935883, -3.52909979 50.43091344, -3.52772839 50.43250538, -3.52488422 50.43254268, -3.52341164 50.43098802)))"
ARZ-3344,"MultiPolygon (((-3.49970444 50.49110511, -3.50107843 50.48951349, -3.50392606 50.48947675, -3.50539987 50.49103162, -3.50402597 50.4926233, -3.50117815 50.49266005, -3.49970444 50.49110511)))"
ARL-3377,"MultiPolygon (((-3.55609679 50.38648483, -3.55746589 50.38489257, -3.56030719 50.38485449, -3.56177956 50.38640866, -3.56041056 50.38800097, -3.55756908 50.38803906, -3.55609679 50.38648483)))"
ARQ-3376,"MultiPolygon (((-3.53483682 50.38834137, -3.53620676 50.38674932, -3.53904822 50.38671174, -3.54051993 50.38826621, -3.5391501 50.3898583, -3.53630844 50.38989589, -3.53483682 50.38834137)))"
ASC-3374,"MultiPolygon (((-3.48388509 50.39529834, -3.4852569 50.39370692, -3.4880988 50.39367058, -3.48956906 50.39522568, -3.48819735 50.39681716, -3.48535527 50.39685349, -3.48388509 50.39529834)))"
AQY-3364,"MultiPolygon (((-3.61283858 50.4250603, -3.61420689 50.42346738, -3.61705041 50.42342789, -3.6185258 50.42498133, -3.61715756 50.42657432, -3.61431385 50.42661382, -3.61283858 50.4250603)))"
ARO-3369,"MultiPolygon (((-3.54407706 50.41025435, -3.5454473 50.40866219, -3.54829007 50.40862438, -3.54976274 50.41017875, -3.54839263 50.41177093, -3.54554967 50.41180874, -3.54407706 50.41025435)))"
ARP-3372,"MultiPolygon (((-3.5395578 50.40244451, -3.54092799 50.4008524, -3.54377032 50.40081469, -3.54524265 50.40236908, -3.54387255 50.40396124, -3.54103004 50.40399895, -3.5395578 50.40244451)))"
ARQ-3371,"MultiPolygon (((-3.535345 50.40407417, -3.53671537 50.40248212, -3.5395578 50.40244451, -3.54103004 50.40399895, -3.53965976 50.40559106, -3.53681715 50.40562867, -3.535345 50.40407417)))"
ASF-3352,"MultiPolygon (((-3.47329241 50.46625946, -3.47466657 50.46466815, -3.47751268 50.46463207, -3.47898482 50.46618731, -3.47761076 50.46777867, -3.47476446 50.46781475, -3.47329241 50.46625946)))"
ARX-3343,"MultiPolygon (((-3.50834779 50.49414132, -3.50972157 50.4925496, -3.51256931 50.49251265, -3.51404347 50.49406742, -3.5126698 50.49565919, -3.50982187 50.49569614, -3.50834779 50.49414132)))"
ASI-3368,"MultiPolygon (((-3.45888673 50.41450163, -3.46025992 50.41291048, -3.463103 50.41287475, -3.46457307 50.41443015, -3.46319998 50.41602135, -3.46035671 50.41605709, -3.45888673 50.41450163)))"
ARZ-3337,"MultiPolygon (((-3.50040224 50.513131, -3.50177684 50.51153936, -3.5046258 50.51150257, -3.50610034 50.5130574, -3.50472583 50.51464908, -3.50187668 50.51468589, -3.50040224 50.513131)))"
ASH-3369,"MultiPolygon (((-3.463103 50.41287475, -3.46447601 50.41128356, -3.46731898 50.41124772, -3.46878913 50.41280308, -3.46741623 50.41439431, -3.46457307 50.41443015, -3.463103 50.41287475)))"
ASI-3369,"MultiPolygon (((-3.45879004 50.41135502, -3.46016315 50.40976388, -3.46300604 50.40972814, -3.46447601 50.41128356, -3.463103 50.41287475, -3.46025992 50.41291048, -3.45879004 50.41135502)))"
ASF-3355,"MultiPolygon (((-3.4729991 50.45681964, -3.474373 50.45522834, -3.47721855 50.45519227, -3.47869038 50.45674751, -3.47731658 50.45833887, -3.47447085 50.45837494, -3.4729991 50.45681964)))"
ARG-3353,"MultiPolygon (((-3.57986574 50.46014007, -3.58123619 50.45854753, -3.5840819 50.4585088, -3.58555732 50.46006261, -3.584187 50.46165515, -3.5813411 50.46169391, -3.57986574 50.46014007)))"
ASD-3351,"MultiPolygon (((-3.48192937 50.46929773, -3.48330334 50.46770631, -3.48614962 50.46767002, -3.48762212 50.46922515, -3.48624826 50.47081661, -3.4834018 50.47085291, -3.48192937 50.46929773)))"
AQW-3359,"MultiPolygon (((-3.62190659 50.44067396, -3.62327507 50.4390809, -3.62611952 50.43904117, -3.62759567 50.4405945, -3.62622728 50.44218761, -3.62338264 50.44222734, -3.62190659 50.44067396)))"
ASE-3367,"MultiPolygon (((-3.47604349 50.417433, -3.47741619 50.41584166, -3.48025941 50.41580552, -3.48173012 50.41736071, -3.48035753 50.41895211, -3.47751412 50.41898826, -3.47604349 50.417433)))"
ASA-3362,"MultiPolygon (((-3.49359819 50.43294831, -3.49497073 50.43135676, -3.49781485 50.43132019, -3.49928661 50.43287517, -3.49791416 50.43446677, -3.49506986 50.43450334, -3.49359819 50.43294831)))"
ASB-3347,"MultiPolygon (((-3.49086435 50.48177508, -3.49223836 50.48018356, -3.49508538 50.48014705, -3.49655858 50.48170206, -3.49518466 50.48329362, -3.49233746 50.48333014, -3.49086435 50.48177508)))"
ARR-3367,"MultiPolygon (((-3.53153776 50.41828985, -3.53290863 50.41669786, -3.53575187 50.41666037, -3.53722443 50.41821486, -3.53585364 50.41980691, -3.53301021 50.41984441, -3.53153776 50.41828985)))"
ASB-3340,"MultiPolygon (((-3.49155778 50.50380108, -3.4929324 50.50220955, -3.49578074 50.50217302, -3.49725466 50.503728, -3.49588015 50.50531957, -3.49303161 50.50535612, -3.49155778 50.50380108)))"
ASC-3371,"MultiPolygon (((-3.48418 50.40473809, -3.48555206 50.40314666, -3.48839452 50.40311033, -3.48986509 50.40466543, -3.48849313 50.40625691, -3.48565049 50.40629324, -3.48418 50.40473809)))"
ARX-3358,"MultiPolygon (((-3.50684663 50.44694297, -3.50821912 50.44535127, -3.51106403 50.44531439, -3.51253664 50.4468692, -3.51116426 50.44846095, -3.50831915 50.44849784, -3.50684663 50.44694297)))"
ASG-3370,"MultiPolygon (((-3.46722174 50.40810111, -3.46859448 50.40650988, -3.47143716 50.40647395, -3.4729073 50.40802925, -3.47153466 50.40962054, -3.4686918 50.40965647, -3.46722174 50.40810111)))"
ARY-3378,"MultiPolygon (((-3.50053951 50.38249327, -3.50191043 50.38090167, -3.50475153 50.38086493, -3.50622191 50.38241979, -3.50485111 50.38401146, -3.50200981 50.3840482, -3.50053951 50.38249327)))"
ARX-3369,"MultiPolygon (((-3.50574825 50.41233062, -3.5071198 50.41073893, -3.50996267 50.41070208, -3.51143415 50.41225692, -3.5100627 50.41384866, -3.50721965 50.41388551, -3.50574825 50.41233062)))"
ARR-3358,"MultiPolygon (((-3.53245186 50.44660872, -3.5338235 50.44501672, -3.53666844 50.44497919, -3.53814192 50.44653366, -3.53677037 50.44812571, -3.53392524 50.44816325, -3.53245186 50.44660872)))"
ARO-3363,"MultiPolygon (((-3.54469102 50.42913358, -3.54606177 50.42754144, -3.54890565 50.42750362, -3.55037897 50.42905794, -3.54900832 50.43065013, -3.54616426 50.43068796, -3.54469102 50.42913358)))"
ARQ-3373,"MultiPolygon (((-3.53514166 50.39778107, -3.53651187 50.39618901, -3.53935391 50.39615141, -3.54082595 50.39770586, -3.53945585 50.39929796, -3.53661361 50.39933557, -3.53514166 50.39778107)))"
ARY-3345,"MultiPolygon (((-3.50382618 50.4863302, -3.50519991 50.48473853, -3.50804724 50.48470168, -3.50952101 50.48625651, -3.50814741 50.48784823, -3.50529988 50.48788508, -3.50382618 50.4863302)))"
ART-3359,"MultiPolygon (((-3.52381574 50.44357422, -3.52518758 50.44198232, -3.52803232 50.44194502, -3.5295054 50.44349961, -3.52813366 50.44509155, -3.52528874 50.44512887, -3.52381574 50.44357422)))"
ARV-3359,"MultiPolygon (((-3.51528113 50.44368565, -3.51665324 50.44209385, -3.51949805 50.44205674, -3.5209709 50.44361143, -3.51959883 50.44520329, -3.51675383 50.44524041, -3.51528113 50.44368565)))"
ASD-3366,"MultiPolygon (((-3.48045566 50.42209871, -3.48182834 50.42050731, -3.48467183 50.42047106, -3.48614282 50.42202622, -3.48477025 50.42361766, -3.48192657 50.42365391, -3.48045566 50.42209871)))"
ARU-3357,"MultiPolygon (((-3.51969963 50.44834984, -3.52107178 50.44675798, -3.52391681 50.44672077, -3.52538991 50.44827541, -3.5240179 50.44986731, -3.52117268 50.44990452, -3.51969963 50.44834984)))"
ARH-3352,"MultiPolygon (((-3.57575389 50.46491761, -3.57712458 50.46332513, -3.57997057 50.46328647, -3.58144604 50.46484028, -3.58007542 50.46643284, -3.57722925 50.46647154, -3.57575389 50.46491761)))"
ASD-3356,"MultiPolygon (((-3.48143774 50.45356474, -3.4828113 50.45197333, -3.48565665 50.45193705, -3.48712863 50.45349219, -3.4857552 50.45508365, -3.48290966 50.45511992, -3.48143774 50.45356474)))"
ARO-3364,"MultiPolygon (((-3.54458864 50.42598706, -3.54595931 50.42439491, -3.548803 50.4243571, -3.55027622 50.42591142, -3.54890565 50.42750362, -3.54606177 50.42754144, -3.54458864 50.42598706)))"
AQV-3361,"MultiPolygon (((-3.62601178 50.43589473, -3.62738 50.43430162, -3.63022415 50.4342618, -3.63170027 50.43581509, -3.63033215 50.43740824, -3.62748781 50.43744807, -3.62601178 50.43589473)))"
ARV-3362,"MultiPolygon (((-3.51497974 50.43424596, -3.51635159 50.43265417, -3.51919582 50.43261707, -3.52066836 50.43417177, -3.51929655 50.43576363, -3.51645212 50.43580073, -3.51497974 50.43424596)))"
ARQ-3368,"MultiPolygon (((-3.53565013 50.41351382, -3.53702076 50.41192177, -3.53986374 50.41188416, -3.54133627 50.41343861, -3.53996574 50.41503071, -3.53712258 50.41506832, -3.53565013 50.41351382)))"
ASC-3354,"MultiPolygon (((-3.48585377 50.45823024, -3.48722729 50.45663878, -3.4900729 50.45660241, -3.49154519 50.45815749, -3.49017177 50.459749, -3.48732597 50.45978537, -3.48585377 50.45823024)))"
ARY-3346,"MultiPolygon (((-3.50372631 50.48318364, -3.50509996 50.48159197, -3.50794709 50.48155513, -3.50942076 50.48310997, -3.50804724 50.48470168, -3.50519991 50.48473853, -3.50372631 50.48318364)))"
ARA-3367,"MultiPolygon (((-3.60398867 50.41573898, -3.60535701 50.41414616, -3.6082 50.41410689, -3.60967484 50.41566043, -3.6083066 50.4172533, -3.60546342 50.41729258, -3.60398867 50.41573898)))"
ASC-3363,"MultiPolygon (((-3.48496712 50.42991086, -3.48633986 50.42831942, -3.48918378 50.42828308, -3.49065514 50.42983818, -3.48928251 50.43142967, -3.48643841 50.43146601, -3.48496712 50.42991086)))"
ASG-3359,"MultiPolygon (((-3.46829216 50.44271382, -3.46966583 50.44112256, -3.47251056 50.44108661, -3.4739818 50.44264191, -3.47260823 50.44423322, -3.46976332 50.44426917, -3.46829216 50.44271382)))"
ASA-3356,"MultiPolygon (((-3.49419262 50.45182784, -3.49556568 50.45023628, -3.4984109 50.45019971, -3.49988325 50.45175468, -3.4985103 50.45334629, -3.49566489 50.45338287, -3.49419262 50.45182784)))"
AQW-3362,"MultiPolygon (((-3.62158424 50.43123461, -3.62295245 50.42964158, -3.62579632 50.42960187, -3.62727217 50.4311552, -3.62590406 50.43274829, -3.62306001 50.432788, -3.62158424 50.43123461)))"
ASI-3372,"MultiPolygon (((-3.45850008 50.40191519, -3.45987293 50.40032406, -3.46271526 50.40028834, -3.46418492 50.40184375, -3.46281217 50.40343494, -3.45996965 50.40347066, -3.45850008 50.40191519)))"
ARZ-3349,"MultiPolygon (((-3.49920659 50.47537231, -3.50058014 50.47378069, -3.50342681 50.47374397, -3.5049001 50.47529887, -3.50352663 50.47689054, -3.50067977 50.47692726, -3.49920659 50.47537231)))"
ARR-3368,"MultiPolygon (((-3.53143629 50.4151433, -3.53280708 50.41355131, -3.53565013 50.41351382, -3.53712258 50.41506832, -3.53575187 50.41666037, -3.53290863 50.41669786, -3.53143629 50.4151433)))"
ARB-3361,"MultiPolygon (((-3.60041325 50.43624974, -3.60178238 50.43465689, -3.60462658 50.4346177, -3.60610186 50.43617134, -3.60473285 50.43776422, -3.60188846 50.43780342, -3.60041325 50.43624974)))"
ASF-3368,"MultiPolygon (((-3.47172973 50.41591373, -3.47310252 50.41432245, -3.47594566 50.41428642, -3.47741619 50.41584166, -3.47604349 50.417433, -3.47320017 50.41746904, -3.47172973 50.41591373)))"
ASA-3342,"MultiPolygon (((-3.49558197 50.49587989, -3.49695622 50.49428831, -3.49980407 50.49425168, -3.50127789 50.49580661, -3.49990373 50.49739824, -3.49705568 50.49743488, -3.49558197 50.49587989)))"
ARZ-3345,"MultiPolygon (((-3.49960484 50.48795856, -3.50097874 50.48636694, -3.50382618 50.4863302, -3.50529988 50.48788508, -3.50392606 50.48947675, -3.50107843 50.48951349, -3.49960484 50.48795856)))"
ASH-3360,"MultiPolygon (((-3.46397634 50.44119427, -3.46535012 50.43960306, -3.46819477 50.43956721, -3.46966583 50.44112256, -3.46829216 50.44271382, -3.46544732 50.44274967, -3.46397634 50.44119427)))"
ASD-3347,"MultiPolygon (((-3.48232297 50.4818841, -3.48369728 50.48029268, -3.48654431 50.48025638, -3.48801723 50.48181149, -3.48664303 50.48340296, -3.48379581 50.48343927, -3.48232297 50.4818841)))"
ASB-3360,"MultiPolygon (((-3.48957881 50.44086944, -3.49095171 50.43927794, -3.49379628 50.43924148, -3.49526815 50.44079652, -3.49389535 50.44238807, -3.49105059 50.44242453, -3.48957881 50.44086944)))"
ARI-3352,"MultiPolygon (((-3.57143268 50.46340212, -3.57280347 50.46180969, -3.57564933 50.46177119, -3.57712458 50.46332513, -3.57575389 50.46491761, -3.57290785 50.46495611, -3.57143268 50.46340212)))"
ARR-3364,"MultiPolygon (((-3.53184231 50.42772949, -3.53321343 50.4261375, -3.53605724 50.42609999, -3.53753009 50.42765448, -3.53615906 50.42924653, -3.53331506 50.42928404, -3.53184231 50.42772949)))"
ARI-3349,"MultiPolygon (((-3.57174562 50.47284132, -3.57311666 50.47124891, -3.57596308 50.4712104, -3.57743863 50.47276432, -3.57606769 50.47435678, -3.57322109 50.47439529, -3.57174562 50.47284132)))"
ARW-3343,"MultiPolygon (((-3.51256931 50.49251265, -3.5139429 50.49092089, -3.51679054 50.49088384, -3.51826482 50.49243855, -3.51689131 50.49403037, -3.51404347 50.49406742, -3.51256931 50.49251265)))"
ARY-3361,"MultiPolygon (((-3.50223038 50.43598509, -3.50360272 50.43439344, -3.50644699 50.43435667, -3.5079191 50.43591155, -3.50654687 50.43750325, -3.50370241 50.43754002, -3.50223038 50.43598509)))"
ARX-3367,"MultiPolygon (((-3.50594781 50.41862378, -3.50731953 50.41703209, -3.51016275 50.41699524, -3.51163444 50.41855007, -3.51026282 50.42014181, -3.50741941 50.42017867, -3.50594781 50.41862378)))"
ASA-3375,"MultiPolygon (((-3.49231221 50.39204266, -3.49368365 50.39045113, -3.49652534 50.39041459, -3.49799577 50.39196956, -3.49662444 50.39356116, -3.49378256 50.3935977, -3.49231221 50.39204266)))"
ARG-3349,"MultiPolygon (((-3.58028517 50.4727256, -3.58165596 50.47113301, -3.5845024 50.47109418, -3.58597822 50.47264799, -3.58460757 50.47424054, -3.58176094 50.47427937, -3.58028517 50.4727256)))"
ASD-3345,"MultiPolygon (((-3.48251987 50.48817727, -3.48389435 50.48658585, -3.48674176 50.48654954, -3.48821488 50.48810465, -3.48684051 50.48969612, -3.48399291 50.48973243, -3.48251987 50.48817727)))"
ASC-3347,"MultiPolygon (((-3.48654431 50.48025638, -3.48791843 50.47866491, -3.49076536 50.4786285, -3.49223836 50.48018356, -3.49086435 50.48177508, -3.48801723 50.48181149, -3.48654431 50.48025638)))"
ARK-3376,"MultiPolygon (((-3.56041056 50.38800097, -3.56177956 50.38640866, -3.56462094 50.38637047, -3.56609351 50.38792458, -3.56472461 50.38951694, -3.56188304 50.38955514, -3.56041056 50.38800097)))"
ARR-3362,"MultiPolygon (((-3.53204541 50.43402258, -3.53341671 50.43243059, -3.53626089 50.43239307, -3.53773395 50.43394755, -3.53636275 50.43553961, -3.53351838 50.43557712, -3.53204541 50.43402258)))"
ARJ-3353,"MultiPolygon (((-3.56711173 50.46188647, -3.56848263 50.46029409, -3.57132841 50.4602557, -3.57280347 50.46180969, -3.57143268 50.46340212, -3.56858672 50.46344052, -3.56711173 50.46188647)))"
ARW-3359,"MultiPolygon (((-3.51096381 50.44216782, -3.51233603 50.44057607, -3.51518064 50.44053909, -3.51665324 50.44209385, -3.51528113 50.44368565, -3.51243632 50.44372263, -3.51096381 50.44216782)))"
ARB-3362,"MultiPolygon (((-3.60030727 50.43310321, -3.60167626 50.43151041, -3.60452027 50.43147122, -3.6059955 50.43302482, -3.60462658 50.4346177, -3.60178238 50.43465689, -3.60030727 50.43310321)))"
ASA-3377,"MultiPolygon (((-3.49211465 50.38574956, -3.49348591 50.38415803, -3.49632722 50.38412149, -3.49779744 50.38567647, -3.49642627 50.38726804, -3.49358478 50.38730459, -3.49211465 50.38574956)))"
ARU-3366,"MultiPolygon (((-3.51879309 50.42003081, -3.52016447 50.41843896, -3.52300781 50.41840179, -3.52447998 50.41995645, -3.52310874 50.42154835, -3.52026521 50.42158553, -3.51879309 50.42003081)))"
ASI-3370,"MultiPolygon (((-3.45869337 50.40820841, -3.46006639 50.40661727, -3.46290909 50.40658154, -3.46437896 50.40813695, -3.46300604 50.40972814, -3.46016315 50.40976388, -3.45869337 50.40820841)))"
ARY-3344,"MultiPolygon (((-3.50392606 50.48947675, -3.50529988 50.48788508, -3.50814741 50.48784823, -3.50962128 50.48940305, -3.50824759 50.49099477, -3.50539987 50.49103162, -3.50392606 50.48947675)))"
ARF-3352,"MultiPolygon (((-3.58429211 50.46480148, -3.58566252 50.46320894, -3.58850846 50.46317015, -3.58998417 50.4647239, -3.58861386 50.46631649, -3.58576774 50.46635527, -3.58429211 50.46480148)))"
ARV-3358,"MultiPolygon (((-3.51538164 50.44683221, -3.51675383 50.44524041, -3.51959883 50.44520329, -3.52107178 50.44675798, -3.51969963 50.44834984, -3.51685445 50.44838696, -3.51538164 50.44683221)))"
ASG-3364,"MultiPolygon (((-3.46780538 50.42698075, -3.46917863 50.4253895, -3.47202243 50.42535356, -3.47349317 50.42690886, -3.47212002 50.42850017, -3.46927604 50.42853611, -3.46780538 50.42698075)))"
ARQ-3339,"MultiPolygon (((-3.53860821 50.50476241, -3.5399813 50.50317031, -3.54282972 50.50313252, -3.54430523 50.50468682, -3.54293224 50.50627896, -3.54008364 50.50631676, -3.53860821 50.50476241)))"
ARX-3356,"MultiPolygon (((-3.50704655 50.45323611, -3.50841921 50.45164441, -3.5112645 50.45160752, -3.51273732 50.45316232, -3.51136476 50.45475408, -3.50851928 50.45479098, -3.50704655 50.45323611)))"
ASH-3358,"MultiPolygon (((-3.46417059 50.4474875, -3.46554454 50.44589629, -3.46838957 50.44586043, -3.46986083 50.44741578, -3.468487 50.44900704, -3.46564178 50.4490429, -3.46417059 50.4474875)))"
ARR-3339,"MultiPolygon (((-3.53438644 50.50639218, -3.5357597 50.50480013, -3.53860821 50.50476241, -3.54008364 50.50631676, -3.53871046 50.50790886, -3.53586177 50.50794656, -3.53438644 50.50639218)))"
ARA-3360,"MultiPolygon (((-3.60473285 50.43776422, -3.60610186 50.43617134, -3.60894616 50.43613202, -3.61042163 50.43768559, -3.60905274 50.43927852, -3.60620825 50.43931783, -3.60473285 50.43776422)))"
ART-3362,"MultiPolygon (((-3.52351264 50.43413458, -3.52488422 50.43254268, -3.52772839 50.43250538, -3.52920116 50.43405998, -3.52782968 50.43565193, -3.52498532 50.43568923, -3.52351264 50.43413458)))"
ARQ-3366,"MultiPolygon (((-3.53585364 50.41980691, -3.53722443 50.41821486, -3.54006777 50.41817726, -3.54154051 50.4197317, -3.54016983 50.4213238, -3.5373263 50.4213614, -3.53585364 50.41980691)))"
ARQ-3362,"MultiPolygon (((-3.53626089 50.43239307, -3.53763202 50.43080102, -3.5404761 50.4307634, -3.54194925 50.43231783, -3.54057823 50.43390993, -3.53773395 50.43394755, -3.53626089 50.43239307)))"
ASB-3363,"MultiPolygon (((-3.48928251 50.43142967, -3.49065514 50.42983818, -3.49349916 50.42980173, -3.49497073 50.43135676, -3.49359819 50.43294831, -3.49075399 50.43298477, -3.48928251 50.43142967)))"
ARR-3366,"MultiPolygon (((-3.53163926 50.4214364, -3.53301021 50.41984441, -3.53585364 50.41980691, -3.5373263 50.4213614, -3.53595543 50.42295345, -3.53311181 50.42299095, -3.53163926 50.4214364)))"
ASB-3370,"MultiPolygon (((-3.48859175 50.40940349, -3.4899638 50.407812, -3.49280652 50.40777556, -3.49427738 50.4093306, -3.49290542 50.41092215, -3.49006251 50.41095859, -3.48859175 50.40940349)))"
ARP-3369,"MultiPolygon (((-3.53986374 50.41188416, -3.54123418 50.41029206, -3.54407706 50.41025435, -3.54554967 50.41180874, -3.54417933 50.4134009, -3.54133627 50.41343861, -3.53986374 50.41188416)))"
ASC-3368,"MultiPolygon (((-3.48447505 50.41417787, -3.48584737 50.41258643, -3.48869037 50.41255009, -3.49016124 50.41410519, -3.48878902 50.41569668, -3.48594583 50.41573302, -3.48447505 50.41417787)))"
ASB-3378,"MultiPolygon (((-3.48780328 50.3842309, -3.48917466 50.38263943, -3.49201588 50.382603, -3.49348591 50.38415803, -3.49211465 50.38574956, -3.48927323 50.38578599, -3.48780328 50.3842309)))"
AQW-3365,"MultiPolygon (((-3.62126194 50.42179533, -3.62262988 50.4202023, -3.62547318 50.42016262, -3.62694873 50.42171595, -3.6255809 50.42330902, -3.62273741 50.42334871, -3.62126194 50.42179533)))"
ARN-3380,"MultiPolygon (((-3.5472651 50.37715906, -3.54863424 50.3755669, -3.55147498 50.37552905, -3.55294676 50.37708334, -3.55157773 50.37867555, -3.5487368 50.37871341, -3.5472651 50.37715906)))"
ASC-3339,"MultiPolygon (((-3.48733453 50.50542899, -3.48870934 50.50383751, -3.49155778 50.50380108, -3.49303161 50.50535612, -3.49165691 50.50694764, -3.48880828 50.50698408, -3.48733453 50.50542899)))"
ARB-3360,"MultiPolygon (((-3.60051926 50.43939625, -3.60188846 50.43780342, -3.60473285 50.43776422, -3.60620825 50.43931783, -3.60483916 50.44091071, -3.60199458 50.44094992, -3.60051926 50.43939625)))"
ASE-3369,"MultiPolygon (((-3.47584785 50.41113983, -3.47722039 50.40954848, -3.48006324 50.40951232, -3.48153375 50.41106753, -3.48016131 50.41265893, -3.47731827 50.41269508, -3.47584785 50.41113983)))"
ASA-3368,"MultiPolygon (((-3.49300433 50.41406874, -3.49437638 50.4124772, -3.49721938 50.41244064, -3.49869053 50.41399563, -3.49731859 50.41558723, -3.4944754 50.41562379, -3.49300433 50.41406874)))"
ARP-3365,"MultiPolygon (((-3.5402719 50.42447034, -3.54164267 50.42287824, -3.54448628 50.42284053, -3.54595931 50.42439491, -3.54458864 50.42598706, -3.54174485 50.42602477, -3.5402719 50.42447034)))"
ASB-3339,"MultiPolygon (((-3.49165691 50.50694764, -3.49303161 50.50535612, -3.49588015 50.50531957, -3.49735417 50.50687455, -3.49597957 50.50846613, -3.49313085 50.50850268, -3.49165691 50.50694764)))"
ARZ-3363,"MultiPolygon (((-3.49781485 50.43132019, -3.49918722 50.42972859, -3.50203123 50.42969192, -3.50350305 50.43124686, -3.5021308 50.4328385, -3.49928661 50.43287517, -3.49781485 50.43132019)))"
ASB-3349,"MultiPolygon (((-3.49066639 50.47548193, -3.49204023 50.47389041, -3.49488687 50.47385391, -3.49635986 50.47540892, -3.49498612 50.47700048, -3.49213929 50.47703699, -3.49066639 50.47548193)))"
ASC-3361,"MultiPolygon (((-3.48516406 50.43620405, -3.48653698 50.43461261, -3.48938127 50.43457626, -3.49085284 50.43613135, -3.48948003 50.43772285, -3.48663555 50.4377592, -3.48516406 50.43620405)))"
AQW-3364,"MultiPolygon (((-3.62136939 50.42494174, -3.62273741 50.42334871, -3.6255809 50.42330902, -3.62705656 50.42486235, -3.62568861 50.42645544, -3.62284493 50.42649514, -3.62136939 50.42494174)))"
ARV-3344,"MultiPolygon (((-3.51679054 50.49088384, -3.51816396 50.48929202, -3.5210116 50.48925485, -3.52248599 50.4908095, -3.52111265 50.49240137, -3.51826482 50.49243855, -3.51679054 50.49088384)))"
ASF-3357,"MultiPolygon (((-3.47280364 50.45052644, -3.47417737 50.44893513, -3.47702255 50.44889908, -3.47849418 50.45045432, -3.47712055 50.45204568, -3.47427518 50.45208174, -3.47280364 50.45052644)))"
ARM-3370,"MultiPolygon (((-3.55250278 50.40699428, -3.55387267 50.40540202, -3.55671524 50.40536398, -3.55818813 50.40691819, -3.55681836 50.40851051, -3.55397557 50.40854856, -3.55250278 50.40699428)))"
ARR-3370,"MultiPolygon (((-3.53123341 50.4088502, -3.53260402 50.40725821, -3.5354467 50.40722072, -3.53691895 50.40877522, -3.53554841 50.41036727, -3.53270554 50.41040476, -3.53123341 50.4088502)))"
ARN-3368,"MultiPolygon (((-3.54849518 50.41491748, -3.54986539 50.4133253, -3.55270845 50.41328736, -3.55418147 50.41484162, -3.55281132 50.41643389, -3.54996806 50.41647184, -3.54849518 50.41491748)))"
ARP-3362,"MultiPolygon (((-3.54057823 50.43390993, -3.54194925 50.43231783, -3.54479342 50.43228011, -3.54626676 50.43383448, -3.54489585 50.43542663, -3.54205149 50.43546436, -3.54057823 50.43390993)))"
ARW-3362,"MultiPolygon (((-3.51066329 50.43272811, -3.51203525 50.43113637, -3.51487931 50.4310994, -3.51635159 50.43265417, -3.51497974 50.43424596, -3.51213549 50.43428293, -3.51066329 50.43272811)))"
ASA-3357,"MultiPolygon (((-3.49409352 50.44868125, -3.49546649 50.4470897, -3.49831152 50.44705312, -3.49978377 50.4486081, -3.4984109 50.45019971, -3.49556568 50.45023628, -3.49409352 50.44868125)))"
ASG-3357,"MultiPolygon (((-3.468487 50.44900704, -3.46986083 50.44741578, -3.47270592 50.44737983, -3.47417737 50.44893513, -3.47280364 50.45052644, -3.46995836 50.45056239, -3.468487 50.44900704)))"
ARC-3369,"MultiPolygon (((-3.59524783 50.40956345, -3.59661627 50.40797074, -3.5994589 50.40793168, -3.60093329 50.40948533, -3.59956494 50.41107809, -3.59672212 50.41111715, -3.59524783 50.40956345)))"
ASC-3366,"MultiPolygon (((-3.48467183 50.42047106, -3.48604431 50.41887962, -3.48888768 50.41884328, -3.49035875 50.42039839, -3.48898637 50.42198988, -3.48614282 50.42202622, -3.48467183 50.42047106)))"
ARX-3371,"MultiPolygon (((-3.50554878 50.40603745, -3.50692016 50.40444577, -3.50976265 50.40440892, -3.51123394 50.40596376, -3.50986266 50.4075555, -3.50701998 50.40759235, -3.50554878 50.40603745)))"
AQX-3362,"MultiPolygon (((-3.61737188 50.4328672, -3.61874027 50.43127421, -3.62158424 50.43123461, -3.62306001 50.432788, -3.6216917 50.43438105, -3.61884753 50.43442066, -3.61737188 50.4328672)))"
ARN-3367,"MultiPolygon (((-3.54859776 50.41806403, -3.54996806 50.41647184, -3.55281132 50.41643389, -3.55428446 50.41798814, -3.55291422 50.41958041, -3.55007076 50.41961837, -3.54859776 50.41806403)))"
ARB-3358,"MultiPolygon (((-3.60073132 50.44568927, -3.6021007 50.44409643, -3.60494548 50.44405721, -3.60642108 50.44561083, -3.60505181 50.44720372, -3.60220683 50.44724294, -3.60073132 50.44568927)))"
ARO-3367,"MultiPolygon (((-3.54428162 50.41654745, -3.54565204 50.41495529, -3.54849518 50.41491748, -3.54996806 50.41647184, -3.54859776 50.41806403, -3.54575444 50.41810184, -3.54428162 50.41654745)))"
ARH-3372,"MultiPolygon (((-3.57366633 50.4019878, -3.57503531 50.40039532, -3.5778775 50.4003568, -3.57935092 50.40191075, -3.57798206 50.40350327, -3.57513966 50.40354181, -3.57366633 50.4019878)))"
ARY-3365,"MultiPolygon (((-3.50183214 50.42339875, -3.50320412 50.42180711, -3.50604761 50.42177036, -3.50751932 50.42332525, -3.50614744 50.42491694, -3.50330376 50.42495369, -3.50183214 50.42339875)))"
ARK-3351,"MultiPolygon (((-3.56299846 50.46666351, -3.56436964 50.46507115, -3.56721574 50.4650329, -3.56869084 50.46658696, -3.56731977 50.46817933, -3.56447348 50.46821758, -3.56299846 50.46666351)))"
ARM-3375,"MultiPolygon (((-3.55198893 50.39126152, -3.55335831 50.3896693, -3.55619989 50.38963132, -3.55767229 50.39118554, -3.55630297 50.39277783, -3.55346119 50.39281582, -3.55198893 50.39126152)))"
ART-3365,"MultiPolygon (((-3.52320968 50.42469491, -3.52458101 50.42310301, -3.52742462 50.42306573, -3.52889708 50.42462034, -3.52752586 50.42621228, -3.52468206 50.42624957, -3.52320968 50.42469491)))"
ARG-3350,"MultiPolygon (((-3.58018029 50.46957922, -3.58155099 50.46798663, -3.58439725 50.46794782, -3.58587298 50.46950163, -3.5845024 50.47109418, -3.58165596 50.47113301, -3.58018029 50.46957922)))"
ASC-3355,"MultiPolygon (((-3.4857552 50.45508365, -3.48712863 50.45349219, -3.48997406 50.45345582, -3.49144623 50.4550109, -3.4900729 50.45660241, -3.48722729 50.45663878, -3.4857552 50.45508365)))"
ARR-3365,"MultiPolygon (((-3.53174077 50.42458295, -3.53311181 50.42299095, -3.53595543 50.42295345, -3.53742819 50.42450794, -3.53605724 50.42609999, -3.53321343 50.4261375, -3.53174077 50.42458295)))"
ARN-3366,"MultiPolygon (((-3.54870037 50.42121056, -3.55007076 50.41961837, -3.55291422 50.41958041, -3.55438746 50.42113466, -3.55301712 50.42272694, -3.55017348 50.4227649, -3.54870037 50.42121056)))"
ARV-3380,"MultiPolygon (((-3.51317468 50.37760777, -3.51454502 50.376016, -3.51738581 50.37597895, -3.51885646 50.37753365, -3.51748621 50.37912547, -3.51464523 50.37916252, -3.51317468 50.37760777)))"
ASC-3364,"MultiPolygon (((-3.48486868 50.42676426, -3.48624134 50.42517281, -3.48908507 50.42513648, -3.49055634 50.42669158, -3.48918378 50.42828308, -3.48633986 50.42831942, -3.48486868 50.42676426)))"
AQV-3362,"MultiPolygon (((-3.62590406 50.43274829, -3.62727217 50.4311552, -3.63011612 50.43111539, -3.63159216 50.43266866, -3.63022415 50.4342618, -3.62738 50.43430162, -3.62590406 50.43274829)))"
ASA-3336,"MultiPolygon (((-3.49617846 50.51475923, -3.49755323 50.51316766, -3.50040224 50.513131, -3.50187668 50.51468589, -3.50050199 50.51627754, -3.49765279 50.5163142, -3.49617846 50.51475923)))"
ARO-3377,"MultiPolygon (((-3.54325929 50.38508198, -3.54462882 50.38348985, -3.54747005 50.38345208, -3.54894196 50.38500642, -3.54757253 50.3865986, -3.5447311 50.38663638, -3.54325929 50.38508198)))"
ART-3366,"MultiPolygon (((-3.52310874 50.42154835, -3.52447998 50.41995645, -3.5273234 50.41991917, -3.52879576 50.42147378, -3.52742462 50.42306573, -3.52458101 50.42310301, -3.52310874 50.42154835)))"
ASD-3363,"MultiPolygon (((-3.48075013 50.43153852, -3.48212307 50.42994711, -3.48496712 50.42991086, -3.48643841 50.43146601, -3.48506559 50.43305745, -3.48222136 50.43309371, -3.48075013 50.43153852)))"
ARP-3370,"MultiPolygon (((-3.53976174 50.40873762, -3.5411321 50.40714551, -3.54397479 50.4071078, -3.5454473 50.40866219, -3.54407706 50.41025435, -3.54123418 50.41029206, -3.53976174 50.40873762)))"
ASF-3358,"MultiPolygon (((-3.47270592 50.44737983, -3.47407957 50.44578853, -3.47692456 50.44575247, -3.47839609 50.44730772, -3.47702255 50.44889908, -3.47417737 50.44893513, -3.47270592 50.44737983)))"
ARS-3371,"MultiPolygon (((-3.52681758 50.40418638, -3.52818821 50.40259445, -3.53103058 50.40255708, -3.53250251 50.40411166, -3.53113198 50.40570364, -3.52828943 50.40574101, -3.52681758 50.40418638)))"
ARO-3374,"MultiPolygon (((-3.54356585 50.39452162, -3.54493566 50.39292947, -3.54777749 50.39289167, -3.54924974 50.39444599, -3.54788 50.3960382, -3.54503798 50.39607601, -3.54356585 50.39452162)))"
ARX-3341,"MultiPolygon (((-3.50854825 50.50043441, -3.5099222 50.49884268, -3.51277031 50.49880573, -3.51424468 50.50036049, -3.51287085 50.50195227, -3.51002254 50.50198922, -3.50854825 50.50043441)))"
ASH-3359,"MultiPolygon (((-3.46407345 50.44434088, -3.46544732 50.44274967, -3.46829216 50.44271382, -3.46976332 50.44426917, -3.46838957 50.44586043, -3.46554454 50.44589629, -3.46407345 50.44434088)))"
ARX-3368,"MultiPolygon (((-3.50584802 50.4154772, -3.50721965 50.41388551, -3.5100627 50.41384866, -3.51153429 50.4154035, -3.51016275 50.41699524, -3.50731953 50.41703209, -3.50584802 50.4154772)))"
ARH-3351,"MultiPolygon (((-3.57585848 50.46806401, -3.57722925 50.46647154, -3.58007542 50.46643284, -3.58155099 50.46798663, -3.58018029 50.46957922, -3.57733393 50.46961793, -3.57585848 50.46806401)))"
ARM-3365,"MultiPolygon (((-3.55301712 50.42272694, -3.55438746 50.42113466, -3.55723102 50.42109658, -3.55870443 50.42265078, -3.55733419 50.42424312, -3.55449045 50.42428119, -3.55301712 50.42272694)))"
ART-3361,"MultiPolygon (((-3.52361365 50.43728113, -3.52498532 50.43568923, -3.52782968 50.43565193, -3.52930256 50.43720653, -3.52793099 50.43879847, -3.52508645 50.43883578, -3.52361365 50.43728113)))"
ARZ-3365,"MultiPolygon (((-3.49761631 50.42502701, -3.49898851 50.42343541, -3.50183214 50.42339875, -3.50330376 50.42495369, -3.50193168 50.42654534, -3.49908786 50.426582, -3.49761631 50.42502701)))"
ARG-3348,"MultiPolygon (((-3.58039008 50.47587195, -3.58176094 50.47427937, -3.58460757 50.47424054, -3.58608349 50.47579435, -3.58471276 50.4773869, -3.58186595 50.47742571, -3.58039008 50.47587195)))"
ASB-3375,"MultiPolygon (((-3.4880988 50.39367058, -3.48947042 50.3920791, -3.49231221 50.39204266, -3.49378256 50.3935977, -3.49241104 50.39518924, -3.48956906 50.39522568, -3.4880988 50.39367058)))"
ARQ-3364,"MultiPolygon (((-3.53605724 50.42609999, -3.53742819 50.42450794, -3.5402719 50.42447034, -3.54174485 50.42602477, -3.54037399 50.42761687, -3.53753009 50.42765448, -3.53605724 50.42609999)))"
ASF-3373,"MultiPolygon (((-3.4712422 50.40018076, -3.47261458 50.39858947, -3.47545679 50.39855344, -3.4769268 50.40010868, -3.47555452 50.40170003, -3.47271213 50.40173606, -3.4712422 50.40018076)))"
ARN-3369,"MultiPolygon (((-3.54839263 50.41177093, -3.54976274 50.41017875, -3.55260559 50.41014083, -3.5540785 50.4116951, -3.55270845 50.41328736, -3.54986539 50.4133253, -3.54839263 50.41177093)))"
ART-3364,"MultiPolygon (((-3.52331065 50.42784147, -3.52468206 50.42624957, -3.52752586 50.42621228, -3.52899843 50.42776689, -3.52762712 50.42935883, -3.52478314 50.42939612, -3.52331065 50.42784147)))"
ARO-3373,"MultiPolygon (((-3.54366808 50.39766815, -3.54503798 50.39607601, -3.54788 50.3960382, -3.54935233 50.39759254, -3.54798254 50.39918473, -3.54514031 50.39922254, -3.54366808 50.39766815)))"
ARZ-3378,"MultiPolygon (((-3.49632722 50.38412149, -3.4976983 50.38252992, -3.50053951 50.38249327, -3.50200981 50.3840482, -3.50063884 50.38563982, -3.49779744 50.38567647, -3.49632722 50.38412149)))"
ASF-3350,"MultiPolygon (((-3.47348801 50.47255268, -3.47486235 50.47096136, -3.47770884 50.47092528, -3.47918117 50.47248051, -3.47780694 50.47407188, -3.47496026 50.47410796, -3.47348801 50.47255268)))"
ARZ-3366,"MultiPolygon (((-3.49751705 50.42188042, -3.49888916 50.42028882, -3.5017326 50.42025216, -3.50320412 50.42180711, -3.50183214 50.42339875, -3.49898851 50.42343541, -3.49751705 50.42188042)))"
ARP-3377,"MultiPolygon (((-3.53904822 50.38671174, -3.54041795 50.38511965, -3.54325929 50.38508198, -3.5447311 50.38663638, -3.54336147 50.38822852, -3.54051993 50.38826621, -3.53904822 50.38671174)))"
ASH-3355,"MultiPolygon (((-3.46446208 50.45692734, -3.46583629 50.45533612, -3.46868189 50.45530025, -3.47015345 50.4568556, -3.46877936 50.45844686, -3.46593358 50.45848273, -3.46446208 50.45692734)))"
ARO-3370,"MultiPolygon (((-3.54397479 50.4071078, -3.54534497 50.40551564, -3.54818756 50.40547782, -3.54966011 50.4070322, -3.54829007 50.40862438, -3.5454473 50.40866219, -3.54397479 50.4071078)))"
ARO-3360,"MultiPolygon (((-3.5449983 50.43857315, -3.5463693 50.436981, -3.54921374 50.43694316, -3.55068738 50.43849747, -3.54931648 50.44008967, -3.54647185 50.44012751, -3.5449983 50.43857315)))"
ASC-3356,"MultiPolygon (((-3.48565665 50.45193705, -3.48703 50.4503456, -3.48987523 50.45030923, -3.4913473 50.45186431, -3.48997406 50.45345582, -3.48712863 50.45349219, -3.48565665 50.45193705)))"
ASF-3349,"MultiPolygon (((-3.47358583 50.47569928, -3.47496026 50.47410796, -3.47780694 50.47407188, -3.47927938 50.47562711, -3.47790505 50.47721848, -3.47505819 50.47725456, -3.47358583 50.47569928)))"
ASC-3362,"MultiPolygon (((-3.48506559 50.43305745, -3.48643841 50.43146601, -3.48928251 50.43142967, -3.49075399 50.43298477, -3.48938127 50.43457626, -3.48653698 50.43461261, -3.48506559 50.43305745)))"
ASB-3359,"MultiPolygon (((-3.4896776 50.44401604, -3.49105059 50.44242453, -3.49389535 50.44238807, -3.49536731 50.44394311, -3.49399442 50.44553466, -3.49114948 50.44557113, -3.4896776 50.44401604)))"
ASG-3358,"MultiPolygon (((-3.46838957 50.44586043, -3.46976332 50.44426917, -3.47260823 50.44423322, -3.47407957 50.44578853, -3.47270592 50.44737983, -3.46986083 50.44741578, -3.46838957 50.44586043)))"
ARX-3361,"MultiPolygon (((-3.50654687 50.43750325, -3.5079191 50.43591155, -3.51076345 50.43587468, -3.51223575 50.4374295, -3.51086362 50.43902125, -3.50801909 50.43905812, -3.50654687 50.43750325)))"
ARY-3366,"MultiPolygon (((-3.5017326 50.42025216, -3.5031045 50.41866052, -3.50594781 50.41862378, -3.50741941 50.42017867, -3.50604761 50.42177036, -3.50320412 50.42180711, -3.5017326 50.42025216)))"
ARP-3361,"MultiPolygon (((-3.54068039 50.43705646, -3.54205149 50.43546436, -3.54489585 50.43542663, -3.5463693 50.436981, -3.5449983 50.43857315, -3.54215375 50.43861088, -3.54068039 50.43705646)))"
ARW-3369,"MultiPolygon (((-3.50996267 50.41070208, -3.51133405 50.40911034, -3.5141768 50.40907338, -3.51564837 50.41062817, -3.5142771 50.41221996, -3.51143415 50.41225692, -3.50996267 50.41070208)))"
ASD-3360,"MultiPolygon (((-3.48104473 50.44097833, -3.48241794 50.43938692, -3.48526255 50.43935065, -3.48673414 50.4409058, -3.48536105 50.44249725, -3.48251626 50.44253352, -3.48104473 50.44097833)))"
ASG-3350,"MultiPolygon (((-3.46916936 50.47103331, -3.4705438 50.46944204, -3.4733902 50.46940607, -3.47486235 50.47096136, -3.47348801 50.47255268, -3.47064142 50.47258865, -3.46916936 50.47103331)))"
ASA-3347,"MultiPolygon (((-3.49508538 50.48014705, -3.49645921 50.47855549, -3.49930613 50.47851888, -3.50077941 50.48007382, -3.49940568 50.48166544, -3.49655858 50.48170206, -3.49508538 50.48014705)))"
ARN-3376,"MultiPolygon (((-3.54767503 50.38974512, -3.54904456 50.38815293, -3.5518861 50.38811503, -3.55335831 50.3896693, -3.55198893 50.39126152, -3.54914719 50.39129943, -3.54767503 50.38974512)))"
ARX-3344,"MultiPolygon (((-3.50824759 50.49099477, -3.50962128 50.48940305, -3.51246884 50.48936611, -3.5139429 50.49092089, -3.51256931 50.49251265, -3.50972157 50.4925496, -3.50824759 50.49099477)))"
AQY-3359,"MultiPolygon (((-3.61337291 50.44079264, -3.6147417 50.43919967, -3.61758617 50.43916014, -3.61906204 50.44071358, -3.61769335 50.4423066, -3.61484869 50.44234613, -3.61337291 50.44079264)))"
ASC-3370,"MultiPolygon (((-3.48427834 50.40788467, -3.48565049 50.40629324, -3.48849313 50.40625691, -3.4899638 50.407812, -3.48859175 50.40940349, -3.48574893 50.40943983, -3.48427834 50.40788467)))"
ASA-3365,"MultiPolygon (((-3.49330119 50.42350853, -3.49467348 50.42191698, -3.49751705 50.42188042, -3.49898851 50.42343541, -3.49761631 50.42502701, -3.49477256 50.42506358, -3.49330119 50.42350853)))"
ARQ-3361,"MultiPolygon (((-3.53636275 50.43553961, -3.53773395 50.43394755, -3.54057823 50.43390993, -3.54205149 50.43546436, -3.54068039 50.43705646, -3.53783592 50.43709408, -3.53636275 50.43553961)))"
ASG-3371,"MultiPolygon (((-3.46712453 50.40495452, -3.46849717 50.40336328, -3.47133967 50.40332735, -3.47280971 50.40488266, -3.47143716 50.40647395, -3.46859448 50.40650988, -3.46712453 50.40495452)))"
ARW-3379,"MultiPolygon (((-3.50896325 50.37923643, -3.51033379 50.37764472, -3.51317468 50.37760777, -3.51464523 50.37916252, -3.5132748 50.38075429, -3.51043372 50.38079124, -3.50896325 50.37923643)))"
ASE-3346,"MultiPolygon (((-3.47810133 50.48351167, -3.47947583 50.4819203, -3.48232297 50.4818841, -3.48379581 50.48343927, -3.48242141 50.48503069, -3.47957408 50.48506689, -3.47810133 50.48351167)))"
ARB-3359,"MultiPolygon (((-3.60062529 50.44254276, -3.60199458 50.44094992, -3.60483916 50.44091071, -3.60631466 50.44246432, -3.60494548 50.44405721, -3.6021007 50.44409643, -3.60062529 50.44254276)))"
ARQ-3374,"MultiPolygon (((-3.53504003 50.39463451, -3.53641014 50.39304246, -3.53925199 50.39300487, -3.54072392 50.39455932, -3.53935391 50.39615141, -3.53651187 50.39618901, -3.53504003 50.39463451)))"
ASF-3365,"MultiPolygon (((-3.47202243 50.42535356, -3.47339549 50.42376226, -3.47623919 50.42372621, -3.47771002 50.42528146, -3.47633706 50.42687282, -3.47349317 50.42690886, -3.47202243 50.42535356)))"
ASD-3361,"MultiPolygon (((-3.48094651 50.43783173, -3.48231964 50.43624031, -3.48516406 50.43620405, -3.48663555 50.4377592, -3.48526255 50.43935065, -3.48241794 50.43938692, -3.48094651 50.43783173)))"
ARU-3362,"MultiPolygon (((-3.51919582 50.43261707, -3.52056755 50.43102521, -3.52341164 50.43098802, -3.52488422 50.43254268, -3.52351264 50.43413458, -3.52066836 50.43417177, -3.51919582 50.43261707)))"
ASE-3364,"MultiPolygon (((-3.47633706 50.42687282, -3.47771002 50.42528146, -3.4805538 50.42524531, -3.48202482 50.42680051, -3.48065196 50.42839192, -3.47780798 50.42842807, -3.47633706 50.42687282)))"
ASC-3367,"MultiPolygon (((-3.48457343 50.41732446, -3.48594583 50.41573302, -3.48878902 50.41569668, -3.49025998 50.41725178, -3.48888768 50.41884328, -3.48604431 50.41887962, -3.48457343 50.41732446)))"
ASG-3354,"MultiPolygon (((-3.46877936 50.45844686, -3.47015345 50.4568556, -3.4729991 50.45681964, -3.47447085 50.45837494, -3.47309686 50.45996625, -3.47025102 50.46000221, -3.46877936 50.45844686)))"
ASF-3370,"MultiPolygon (((-3.47153466 50.40962054, -3.4729073 50.40802925, -3.47575006 50.40799322, -3.47722039 50.40954848, -3.47584785 50.41113983, -3.4730049 50.41117586, -3.47153466 50.40962054)))"
ARH-3346,"MultiPolygon (((-3.57638168 50.48379575, -3.57775287 50.48220331, -3.58059996 50.48216462, -3.58207604 50.4837184, -3.58070492 50.48531095, -3.57785765 50.48534962, -3.57638168 50.48379575)))"
ARV-3371,"MultiPolygon (((-3.51407652 50.40592681, -3.51544761 50.40433502, -3.51829011 50.40429796, -3.51976171 50.40585269, -3.51839068 50.40744453, -3.51554799 50.40748159, -3.51407652 50.40592681)))"
ASE-3349,"MultiPolygon (((-3.47780694 50.47407188, -3.47918117 50.47248051, -3.48202775 50.47244432, -3.48350027 50.4739995, -3.48212614 50.47559092, -3.47927938 50.47562711, -3.47780694 50.47407188)))"
ARZ-3347,"MultiPolygon (((-3.49940568 50.48166544, -3.50077941 50.48007382, -3.50362646 50.48003709, -3.50509996 50.48159197, -3.50372631 50.48318364, -3.50087907 50.48322038, -3.49940568 50.48166544)))"
ASE-3375,"MultiPolygon (((-3.47526136 50.39226027, -3.4766334 50.39066894, -3.47947513 50.39063281, -3.48094501 50.392188, -3.4795731 50.39377939, -3.47673118 50.39381553, -3.47526136 50.39226027)))"
ARW-3363,"MultiPolygon (((-3.51056315 50.42958154, -3.51193502 50.4279898, -3.51477889 50.42795283, -3.51625107 50.4295076, -3.51487931 50.4310994, -3.51203525 50.43113637, -3.51056315 50.42958154)))"
ARW-3367,"MultiPolygon (((-3.51016275 50.41699524, -3.51153429 50.4154035, -3.51437741 50.41536654, -3.51584919 50.41692132, -3.51447775 50.41851311, -3.51163444 50.41855007, -3.51016275 50.41699524)))"
ARP-3368,"MultiPolygon (((-3.53996574 50.41503071, -3.54133627 50.41343861, -3.54417933 50.4134009, -3.54565204 50.41495529, -3.54428162 50.41654745, -3.54143838 50.41658516, -3.53996574 50.41503071)))"
ARP-3366,"MultiPolygon (((-3.54016983 50.4213238, -3.54154051 50.4197317, -3.54438394 50.41969399, -3.54585686 50.42124838, -3.54448628 50.42284053, -3.54164267 50.42287824, -3.54016983 50.4213238)))"
ASA-3366,"MultiPolygon (((-3.49320221 50.42036194, -3.49457443 50.41877038, -3.49741781 50.41873382, -3.49888916 50.42028882, -3.49751705 50.42188042, -3.49467348 50.42191698, -3.49320221 50.42036194)))"
ART-3371,"MultiPolygon (((-3.52260429 50.40581553, -3.52397511 50.40422364, -3.52681758 50.40418638, -3.52828943 50.40574101, -3.52691871 50.40733294, -3.52407605 50.40737021, -3.52260429 50.40581553)))"
ASE-3357,"MultiPolygon (((-3.47702255 50.44889908, -3.47839609 50.44730772, -3.4812412 50.44727155, -3.48271293 50.44882673, -3.48133947 50.45041814, -3.47849418 50.45045432, -3.47702255 50.44889908)))"
ARS-3367,"MultiPolygon (((-3.52722219 50.41677262, -3.52859317 50.41518068, -3.53143629 50.4151433, -3.53290863 50.41669786, -3.53153776 50.41828985, -3.52869445 50.41832723, -3.52722219 50.41677262)))"
ARX-3365,"MultiPolygon (((-3.50614744 50.42491694, -3.50751932 50.42332525, -3.51036292 50.42328839, -3.51183481 50.42484322, -3.51046303 50.42643497, -3.50761925 50.42647183, -3.50614744 50.42491694)))"
AQW-3360,"MultiPolygon (((-3.62179912 50.43752752, -3.62316753 50.43593445, -3.62601178 50.43589473, -3.62748781 50.43744807, -3.62611952 50.43904117, -3.62327507 50.4390809, -3.62179912 50.43752752)))"
ARZ-3355,"MultiPolygon (((-3.49860971 50.45649287, -3.49998275 50.45490126, -3.50282827 50.45486457, -3.50430093 50.45641948, -3.50292798 50.45801114, -3.50008227 50.45804784, -3.49860971 50.45649287)))"
ASE-3358,"MultiPolygon (((-3.47692456 50.44575247, -3.47829803 50.44416111, -3.48114295 50.44412494, -3.48261458 50.44568012, -3.4812412 50.44727155, -3.47839609 50.44730772, -3.47692456 50.44575247)))"
ARX-3345,"MultiPolygon (((-3.50814741 50.48784823, -3.50952101 50.48625651, -3.51236838 50.48621957, -3.51384233 50.48777435, -3.51246884 50.48936611, -3.50962128 50.48940305, -3.50814741 50.48784823)))"
ARM-3379,"MultiPolygon (((-3.55157773 50.37867555, -3.55294676 50.37708334, -3.5557876 50.37704537, -3.55725958 50.3785996, -3.55589064 50.38019186, -3.55304962 50.38022983, -3.55157773 50.37867555)))"
ASE-3352,"MultiPolygon (((-3.47751268 50.46463207, -3.47888666 50.46304071, -3.48173267 50.46300453, -3.48320489 50.46455971, -3.48183102 50.46615113, -3.47898482 50.46618731, -3.47751268 50.46463207)))"
ARO-3358,"MultiPolygon (((-3.54520324 50.44486618, -3.54657441 50.44327403, -3.54941923 50.44323618, -3.55089307 50.44479049, -3.549522 50.44638269, -3.54667699 50.44642053, -3.54520324 50.44486618)))"
ARN-3378,"MultiPolygon (((-3.54747005 50.38345208, -3.54883937 50.38185992, -3.5516805 50.38182204, -3.5531525 50.38337632, -3.55178329 50.38496853, -3.54894196 50.38500642, -3.54747005 50.38345208)))"
ARU-3359,"MultiPolygon (((-3.51949805 50.44205674, -3.52087003 50.44046488, -3.52371469 50.44042768, -3.52518758 50.44198232, -3.52381574 50.44357422, -3.5209709 50.44361143, -3.51949805 50.44205674)))"
ASG-3362,"MultiPolygon (((-3.46800005 50.43327399, -3.46937346 50.43168273, -3.47221763 50.43164678, -3.47368858 50.43320209, -3.47231526 50.4347934, -3.4694709 50.43482934, -3.46800005 50.43327399)))"
ASE-3366,"MultiPolygon (((-3.47614133 50.42057961, -3.47751412 50.41898826, -3.48035753 50.41895211, -3.48182834 50.42050731, -3.48045566 50.42209871, -3.47761206 50.42213486, -3.47614133 50.42057961)))"
ASD-3357,"MultiPolygon (((-3.48133947 50.45041814, -3.48271293 50.44882673, -3.4855581 50.44879046, -3.48703 50.4503456, -3.48565665 50.45193705, -3.4828113 50.45197333, -3.48133947 50.45041814)))"
ARM-3364,"MultiPolygon (((-3.55312004 50.42587347, -3.55449045 50.42428119, -3.55733419 50.42424312, -3.5588077 50.42579732, -3.55743739 50.42738964, -3.55459347 50.42742771, -3.55312004 50.42587347)))"
ARQ-3363,"MultiPolygon (((-3.53615906 50.42924653, -3.53753009 50.42765448, -3.54037399 50.42761687, -3.54184704 50.4291713, -3.5404761 50.4307634, -3.53763202 50.43080102, -3.53615906 50.42924653)))"
ASJ-3372,"MultiPolygon (((-3.45428461 50.4035419, -3.45565765 50.40195081, -3.45850008 50.40191519, -3.45996965 50.40347066, -3.45859671 50.4050618, -3.4557541 50.40509743, -3.45428461 50.4035419)))"
ARS-3357,"MultiPolygon (((-3.52823502 50.44823809, -3.52960685 50.44664614, -3.53245186 50.44660872, -3.53392524 50.44816325, -3.53255351 50.44975525, -3.52970831 50.44979267, -3.52823502 50.44823809)))"
ARF-3353,"MultiPolygon (((-3.584187 50.46165515, -3.58555732 50.46006261, -3.58840307 50.46002381, -3.58987868 50.46157756, -3.58850846 50.46317015, -3.58566252 50.46320894, -3.584187 50.46165515)))"
ASE-3370,"MultiPolygon (((-3.47575006 50.40799322, -3.47712251 50.40640188, -3.47996518 50.40636573, -3.48143559 50.40792092, -3.48006324 50.40951232, -3.47722039 50.40954848, -3.47575006 50.40799322)))"
ASJ-3373,"MultiPolygon (((-3.45418826 50.40039529, -3.45556123 50.39880421, -3.45840347 50.3987686, -3.45987293 50.40032406, -3.45850008 50.40191519, -3.45565765 50.40195081, -3.45418826 50.40039529)))"
ARZ-3346,"MultiPolygon (((-3.49950525 50.484812, -3.50087907 50.48322038, -3.50372631 50.48318364, -3.50519991 50.48473853, -3.50382618 50.4863302, -3.50097874 50.48636694, -3.49950525 50.484812)))"
ASA-3360,"MultiPolygon (((-3.49379628 50.43924148, -3.495169 50.43764993, -3.49801348 50.43761336, -3.49948543 50.43916834, -3.49811281 50.44075995, -3.49526815 50.44079652, -3.49379628 50.43924148)))"
ASB-3374,"MultiPolygon (((-3.48819735 50.39681716, -3.48956906 50.39522568, -3.49241104 50.39518924, -3.4938815 50.39674428, -3.49250989 50.39833581, -3.48966772 50.39837225, -3.48819735 50.39681716)))"
ARY-3355,"MultiPolygon (((-3.50282827 50.45486457, -3.50420113 50.45327291, -3.50704655 50.45323611, -3.50851928 50.45479098, -3.50714654 50.45638268, -3.50430093 50.45641948, -3.50282827 50.45486457)))"
ASB-3343,"MultiPolygon (((-3.49126048 50.49436137, -3.49263484 50.49276985, -3.49548261 50.49273332, -3.49695622 50.49428831, -3.49558197 50.49587989, -3.49273401 50.49591642, -3.49126048 50.49436137)))"
ASA-3369,"MultiPolygon (((-3.49290542 50.41092215, -3.49427738 50.4093306, -3.4971202 50.40929405, -3.49859123 50.41084904, -3.49721938 50.41244064, -3.49437638 50.4124772, -3.49290542 50.41092215)))"
ASH-3370,"MultiPolygon (((-3.46300604 50.40972814, -3.46437896 50.40813695, -3.46722174 50.40810111, -3.4686918 50.40965647, -3.46731898 50.41124772, -3.46447601 50.41128356, -3.46300604 50.40972814)))"
ASH-3372,"MultiPolygon (((-3.46281217 50.40343494, -3.46418492 50.40184375, -3.46702733 50.40180792, -3.46849717 50.40336328, -3.46712453 50.40495452, -3.46428193 50.40499035, -3.46281217 50.40343494)))"
ASH-3364,"MultiPolygon (((-3.46358803 50.42860781, -3.46496147 50.4270166, -3.46780538 50.42698075, -3.46927604 50.42853611, -3.4679027 50.43012737, -3.46505861 50.43016322, -3.46358803 50.42860781)))"
ASG-3360,"MultiPolygon (((-3.46819477 50.43956721, -3.46956836 50.43797595, -3.4724129 50.43794, -3.47388404 50.43949531, -3.47251056 50.44108661, -3.46966583 50.44112256, -3.46819477 50.43956721)))"
ARQ-3369,"MultiPolygon (((-3.53554841 50.41036727, -3.53691895 50.40877522, -3.53976174 50.40873762, -3.54123418 50.41029206, -3.53986374 50.41188416, -3.53702076 50.41192177, -3.53554841 50.41036727)))"
ARS-3364,"MultiPolygon (((-3.52752586 50.42621228, -3.52889708 50.42462034, -3.53174077 50.42458295, -3.53321343 50.4261375, -3.53184231 50.42772949, -3.52899843 50.42776689, -3.52752586 50.42621228)))"
ASF-3351,"MultiPolygon (((-3.4733902 50.46940607, -3.47476446 50.46781475, -3.47761076 50.46777867, -3.47908299 50.46933391, -3.47770884 50.47092528, -3.47486235 50.47096136, -3.4733902 50.46940607)))"
ARN-3362,"MultiPolygon (((-3.54911102 50.43379665, -3.55048175 50.43220445, -3.55332594 50.4321665, -3.55479955 50.43372075, -3.55342892 50.43531301, -3.55058455 50.43535096, -3.54911102 50.43379665)))"
ARS-3359,"MultiPolygon (((-3.52803232 50.44194502, -3.52940397 50.44035307, -3.53224861 50.44031566, -3.53372178 50.4418702, -3.53235023 50.44346219, -3.5295054 50.44349961, -3.52803232 50.44194502)))"
ASE-3362,"MultiPolygon (((-3.47653284 50.43316604, -3.47790596 50.43157468, -3.48075013 50.43153852, -3.48222136 50.43309371, -3.48084832 50.43468512, -3.47800396 50.43472129, -3.47653284 50.43316604)))"
ARS-3356,"MultiPolygon (((-3.52833641 50.45138462, -3.52970831 50.44979267, -3.53255351 50.44975525, -3.53402699 50.45130977, -3.53265518 50.45290178, -3.5298098 50.45293921, -3.52833641 50.45138462)))"
ASF-3364,"MultiPolygon (((-3.47212002 50.42850017, -3.47349317 50.42690886, -3.47633706 50.42687282, -3.47780798 50.42842807, -3.47643493 50.43001943, -3.47359086 50.43005548, -3.47212002 50.42850017)))"
AQY-3367,"MultiPolygon (((-3.61251792 50.41562105, -3.61388597 50.41402813, -3.61672894 50.41398865, -3.61820404 50.41554209, -3.6168361 50.41713506, -3.61399294 50.41717454, -3.61251792 50.41562105)))"
ARA-3366,"MultiPolygon (((-3.60409495 50.41888542, -3.60546342 50.41729258, -3.6083066 50.4172533, -3.6097815 50.41880686, -3.60841317 50.42039974, -3.60556981 50.42043902, -3.60409495 50.41888542)))"
ASA-3378,"MultiPolygon (((-3.49201588 50.382603, -3.49338709 50.38101149, -3.49622821 50.38097495, -3.4976983 50.38252992, -3.49632722 50.38412149, -3.49348591 50.38415803, -3.49201588 50.382603)))"
ARZ-3336,"MultiPolygon (((-3.50050199 50.51627754, -3.50187668 50.51468589, -3.50472583 50.51464908, -3.50620048 50.5162039, -3.50482587 50.5177956, -3.50197653 50.51783243, -3.50050199 50.51627754)))"
ARY-3342,"MultiPolygon (((-3.5041259 50.49576985, -3.50549989 50.49417817, -3.50834779 50.49414132, -3.50982187 50.49569614, -3.50844801 50.49728786, -3.50559992 50.49732472, -3.5041259 50.49576985)))"
ARR-3355,"MultiPolygon (((-3.53275688 50.45604831, -3.53412877 50.4544563, -3.53697428 50.45441876, -3.53844807 50.45597322, -3.53707627 50.45756528, -3.53423057 50.45760282, -3.53275688 50.45604831)))"
ASA-3346,"MultiPolygon (((-3.49518466 50.48329362, -3.49655858 50.48170206, -3.49940568 50.48166544, -3.50087907 50.48322038, -3.49950525 50.484812, -3.49665796 50.48484862, -3.49518466 50.48329362)))"
ARA-3359,"MultiPolygon (((-3.60483916 50.44091071, -3.60620825 50.43931783, -3.60905274 50.43927852, -3.61052833 50.44083207, -3.60915935 50.442425, -3.60631466 50.44246432, -3.60483916 50.44091071)))"
ASD-3348,"MultiPolygon (((-3.48222455 50.47873751, -3.48359877 50.47714609, -3.48644561 50.47710979, -3.48791843 50.47866491, -3.48654431 50.48025638, -3.48369728 50.48029268, -3.48222455 50.47873751)))"
ARY-3337,"MultiPolygon (((-3.5046258 50.51150257, -3.50600023 50.50991089, -3.50884909 50.509874, -3.51032368 50.51142878, -3.50894939 50.51302049, -3.50610034 50.5130574, -3.5046258 50.51150257)))"
ARD-3370,"MultiPolygon (((-3.59093099 50.40804864, -3.59229952 50.40645598, -3.59514206 50.40641703, -3.59661627 50.40797074, -3.59524783 50.40956345, -3.5924051 50.4096024, -3.59093099 50.40804864)))"
ARU-3355,"MultiPolygon (((-3.51990128 50.45464294, -3.5212736 50.45305107, -3.52411901 50.45301385, -3.52559231 50.45456849, -3.52422013 50.4561604, -3.52137454 50.45619762, -3.51990128 50.45464294)))"
ARA-3358,"MultiPolygon (((-3.60494548 50.44405721, -3.60631466 50.44246432, -3.60915935 50.442425, -3.61063503 50.44397856, -3.60926594 50.4455715, -3.60642108 50.44561083, -3.60494548 50.44405721)))"
ARW-3366,"MultiPolygon (((-3.51026282 50.42014181, -3.51163444 50.41855007, -3.51447775 50.41851311, -3.51594963 50.42006789, -3.51457811 50.42165969, -3.51173462 50.42169665, -3.51026282 50.42014181)))"
ASH-3362,"MultiPolygon (((-3.46378215 50.43490104, -3.46515576 50.43330983, -3.46800005 50.43327399, -3.4694709 50.43482934, -3.4680974 50.4364206, -3.46525293 50.43645645, -3.46378215 50.43490104)))"
ARZ-3364,"MultiPolygon (((-3.49771557 50.4281736, -3.49908786 50.426582, -3.50193168 50.42654534, -3.50340339 50.42810028, -3.50203123 50.42969192, -3.49918722 50.42972859, -3.49771557 50.4281736)))"
ARZ-3359,"MultiPolygon (((-3.49821216 50.44390653, -3.49958486 50.44231493, -3.50242961 50.44227825, -3.50390185 50.44383318, -3.50252925 50.44542484, -3.49968431 50.44546151, -3.49821216 50.44390653)))"
ARO-3368,"MultiPolygon (((-3.54417933 50.4134009, -3.54554967 50.41180874, -3.54839263 50.41177093, -3.54986539 50.4133253, -3.54849518 50.41491748, -3.54565204 50.41495529, -3.54417933 50.4134009)))"
ASH-3363,"MultiPolygon (((-3.46368508 50.43175443, -3.46505861 50.43016322, -3.4679027 50.43012737, -3.46937346 50.43168273, -3.46800005 50.43327399, -3.46515576 50.43330983, -3.46368508 50.43175443)))"
ASA-3363,"MultiPolygon (((-3.49349916 50.42980173, -3.49487163 50.42821017, -3.49771557 50.4281736, -3.49918722 50.42972859, -3.49781485 50.43132019, -3.49497073 50.43135676, -3.49349916 50.42980173)))"
ARN-3361,"MultiPolygon (((-3.54921374 50.43694316, -3.55058455 50.43535096, -3.55342892 50.43531301, -3.55490264 50.43686727, -3.55353192 50.43845952, -3.55068738 50.43849747, -3.54921374 50.43694316)))"
ASH-3361,"MultiPolygon (((-3.46387923 50.43804766, -3.46525293 50.43645645, -3.4680974 50.4364206, -3.46956836 50.43797595, -3.46819477 50.43956721, -3.46535012 50.43960306, -3.46387923 50.43804766)))"
ARZ-3370,"MultiPolygon (((-3.4971202 50.40929405, -3.49849196 50.40770245, -3.50133466 50.4076658, -3.50280577 50.40922076, -3.50143412 50.4108124, -3.49859123 50.41084904, -3.4971202 50.40929405)))"
ARP-3367,"MultiPolygon (((-3.54006777 50.41817726, -3.54143838 50.41658516, -3.54428162 50.41654745, -3.54575444 50.41810184, -3.54438394 50.41969399, -3.54154051 50.4197317, -3.54006777 50.41817726)))"
ARR-3354,"MultiPolygon (((-3.53285859 50.45919483, -3.53423057 50.45760282, -3.53707627 50.45756528, -3.53855016 50.45911974, -3.53717827 50.4607118, -3.53433239 50.46074935, -3.53285859 50.45919483)))"
ARA-3365,"MultiPolygon (((-3.60420131 50.42203184, -3.60556981 50.42043902, -3.60841317 50.42039974, -3.60988822 50.42195328, -3.60851982 50.42354615, -3.60567627 50.42358543, -3.60420131 50.42203184)))"
AQZ-3366,"MultiPolygon (((-3.60841317 50.42039974, -3.6097815 50.41880686, -3.61262478 50.41876747, -3.6140999 50.42032096, -3.61273167 50.42191389, -3.60988822 50.42195328, -3.60841317 50.42039974)))"
ASE-3355,"MultiPolygon (((-3.47721855 50.45519227, -3.47859227 50.45360092, -3.48143774 50.45356474, -3.48290966 50.45511992, -3.48153603 50.45671134, -3.47869038 50.45674751, -3.47721855 50.45519227)))"
ASF-3369,"MultiPolygon (((-3.47163218 50.41276715, -3.4730049 50.41117586, -3.47584785 50.41113983, -3.47731827 50.41269508, -3.47594566 50.41428642, -3.47310252 50.41432245, -3.47163218 50.41276715)))"
ARW-3365,"MultiPolygon (((-3.51036292 50.42328839, -3.51173462 50.42169665, -3.51457811 50.42165969, -3.51605009 50.42321446, -3.51467849 50.42480626, -3.51183481 50.42484322, -3.51036292 50.42328839)))"
ARU-3367,"MultiPolygon (((-3.51869245 50.41688425, -3.52006376 50.41529239, -3.5229069 50.41525522, -3.52437897 50.41680989, -3.52300781 50.41840179, -3.52016447 50.41843896, -3.51869245 50.41688425)))"
AQX-3365,"MultiPolygon (((-3.61705041 50.42342789, -3.61841853 50.42183491, -3.62126194 50.42179533, -3.62273741 50.42334871, -3.62136939 50.42494174, -3.6185258 50.42498133, -3.61705041 50.42342789)))"
ARQ-3370,"MultiPolygon (((-3.5354467 50.40722072, -3.53681715 50.40562867, -3.53965976 50.40559106, -3.5411321 50.40714551, -3.53976174 50.40873762, -3.53691895 50.40877522, -3.5354467 50.40722072)))"
ARQ-3356,"MultiPolygon (((-3.53687231 50.45127223, -3.53824394 50.44968018, -3.54108916 50.44964253, -3.54256294 50.45119694, -3.54119141 50.45278905, -3.538346 50.4528267, -3.53687231 50.45127223)))"
ARW-3372,"MultiPolygon (((-3.50966267 50.40126234, -3.51103378 50.3996706, -3.51387599 50.39963365, -3.51534726 50.40118844, -3.51397624 50.40278023, -3.51113385 50.40281718, -3.50966267 50.40126234)))"
ARZ-3361,"MultiPolygon (((-3.49801348 50.43761336, -3.49938601 50.43602175, -3.50223038 50.43598509, -3.50370241 50.43754002, -3.50232999 50.43913167, -3.49948543 50.43916834, -3.49801348 50.43761336)))"
ASE-3373,"MultiPolygon (((-3.47545679 50.39855344, -3.47682898 50.3969621, -3.47967109 50.39692597, -3.48114118 50.39848116, -3.47976909 50.40007254, -3.4769268 50.40010868, -3.47545679 50.39855344)))"
ASC-3350,"MultiPolygon (((-3.48624826 50.47081661, -3.48762212 50.46922515, -3.49046849 50.46918876, -3.49194119 50.47074383, -3.49056743 50.47233534, -3.48772087 50.47237174, -3.48624826 50.47081661)))"
ASA-3355,"MultiPolygon (((-3.49429174 50.45497442, -3.49566489 50.45338287, -3.4985103 50.45334629, -3.49998275 50.45490126, -3.49860971 50.45649287, -3.49576411 50.45652945, -3.49429174 50.45497442)))"
AQZ-3367,"MultiPolygon (((-3.6083066 50.4172533, -3.60967484 50.41566043, -3.61251792 50.41562105, -3.61399294 50.41717454, -3.61262478 50.41876747, -3.6097815 50.41880686, -3.6083066 50.4172533)))"
AQY-3365,"MultiPolygon (((-3.61273167 50.42191389, -3.6140999 50.42032096, -3.61694325 50.42028147, -3.61841853 50.42183491, -3.61705041 50.42342789, -3.61420689 50.42346738, -3.61273167 50.42191389)))"
ASH-3357,"MultiPolygon (((-3.46426774 50.45063411, -3.46564178 50.4490429, -3.468487 50.44900704, -3.46995836 50.45056239, -3.46858444 50.45215365, -3.46573903 50.45218951, -3.46426774 50.45063411)))"
ARG-3371,"MultiPolygon (((-3.57798206 50.40350327, -3.57935092 50.40191075, -3.58219321 50.40187211, -3.58366684 50.40342599, -3.58229808 50.40501856, -3.57945559 50.40505721, -3.57798206 50.40350327)))"
ASD-3375,"MultiPolygon (((-3.4795731 50.39377939, -3.48094501 50.392188, -3.48378682 50.39215176, -3.4852569 50.39370692, -3.48388509 50.39529834, -3.48104309 50.39533458, -3.4795731 50.39377939)))"
ARP-3373,"MultiPolygon (((-3.53945585 50.39929796, -3.54082595 50.39770586, -3.54366808 50.39766815, -3.54514031 50.39922254, -3.54377032 50.40081469, -3.54092799 50.4008524, -3.53945585 50.39929796)))"
ASF-3360,"MultiPolygon (((-3.47251056 50.44108661, -3.47388404 50.43949531, -3.47672866 50.43945925, -3.47819999 50.4410145, -3.47682661 50.44260586, -3.4739818 50.44264191, -3.47251056 50.44108661)))"
ASB-3377,"MultiPolygon (((-3.48790177 50.38737746, -3.48927323 50.38578599, -3.49211465 50.38574956, -3.49358478 50.38730459, -3.49221342 50.38889611, -3.48937182 50.38893254, -3.48790177 50.38737746)))"
ASG-3353,"MultiPolygon (((-3.46887684 50.46159347, -3.47025102 50.46000221, -3.47309686 50.45996625, -3.4745687 50.46152154, -3.47319462 50.46311286, -3.4703486 50.46314882, -3.46887684 50.46159347)))"
ARQ-3360,"MultiPolygon (((-3.53646463 50.43868614, -3.53783592 50.43709408, -3.54068039 50.43705646, -3.54215375 50.43861088, -3.54078256 50.44020298, -3.53793791 50.44024061, -3.53646463 50.43868614)))"
ASB-3364,"MultiPolygon (((-3.48918378 50.42828308, -3.49055634 50.42669158, -3.49340017 50.42665513, -3.49487163 50.42821017, -3.49349916 50.42980173, -3.49065514 50.42983818, -3.48918378 50.42828308)))"
ARX-3360,"MultiPolygon (((-3.50664677 50.44064982, -3.50801909 50.43905812, -3.51086362 50.43902125, -3.51233603 50.44057607, -3.51096381 50.44216782, -3.50811909 50.4422047, -3.50664677 50.44064982)))"
ARU-3356,"MultiPolygon (((-3.51980045 50.45149639, -3.52117268 50.44990452, -3.5240179 50.44986731, -3.5254911 50.45142195, -3.52411901 50.45301385, -3.5212736 50.45305107, -3.51980045 50.45149639)))"
ARC-3368,"MultiPolygon (((-3.5953536 50.41270987, -3.59672212 50.41111715, -3.59956494 50.41107809, -3.60103943 50.41263174, -3.59967101 50.4142245, -3.596828 50.41426357, -3.5953536 50.41270987)))"
ASB-3337,"MultiPolygon (((-3.49185522 50.51324076, -3.4932301 50.51164923, -3.49607901 50.51161268, -3.49755323 50.51316766, -3.49617846 50.51475923, -3.49332936 50.51479579, -3.49185522 50.51324076)))"
ASH-3366,"MultiPolygon (((-3.46339397 50.42231459, -3.46476724 50.42072339, -3.46761078 50.42068754, -3.46908123 50.42224289, -3.46770807 50.42383414, -3.46486435 50.42386999, -3.46339397 50.42231459)))"
ARS-3368,"MultiPolygon (((-3.52712102 50.41362606, -3.52849191 50.41203412, -3.53133484 50.41199675, -3.53280708 50.41355131, -3.53143629 50.4151433, -3.52859317 50.41518068, -3.52712102 50.41362606)))"
ARV-3360,"MultiPolygon (((-3.51518064 50.44053909, -3.51655267 50.43894729, -3.51939729 50.43891018, -3.52087003 50.44046488, -3.51949805 50.44205674, -3.51665324 50.44209385, -3.51518064 50.44053909)))"
ARU-3361,"MultiPolygon (((-3.51929655 50.43576363, -3.52066836 50.43417177, -3.52351264 50.43413458, -3.52498532 50.43568923, -3.52361365 50.43728113, -3.52076919 50.43731832, -3.51929655 50.43576363)))"
ASD-3353,"MultiPolygon (((-3.48173267 50.46300453, -3.48310646 50.46141311, -3.48595237 50.46137683, -3.48742467 50.46293197, -3.48605098 50.46452343, -3.48320489 50.46455971, -3.48173267 50.46300453)))"
ARV-3365,"MultiPolygon (((-3.51467849 50.42480626, -3.51605009 50.42321446, -3.51889374 50.42317738, -3.52036597 50.42473209, -3.51899441 50.42632395, -3.51615057 50.42636103, -3.51467849 50.42480626)))"
ASC-3341,"MultiPolygon (((-3.48713687 50.49913585, -3.4885115 50.49754437, -3.49135957 50.49750794, -3.49283319 50.49906299, -3.49145867 50.50065451, -3.48861041 50.50069094, -3.48713687 50.49913585)))"
ARX-3364,"MultiPolygon (((-3.50624728 50.42806352, -3.50761925 50.42647183, -3.51046303 50.42643497, -3.51193502 50.4279898, -3.51056315 50.42958154, -3.50771919 50.4296184, -3.50624728 50.42806352)))"
ARS-3355,"MultiPolygon (((-3.52843781 50.45453116, -3.5298098 50.45293921, -3.53265518 50.45290178, -3.53412877 50.4544563, -3.53275688 50.45604831, -3.5299113 50.45608574, -3.52843781 50.45453116)))"
ARW-3357,"MultiPolygon (((-3.51116426 50.44846095, -3.51253664 50.4468692, -3.51538164 50.44683221, -3.51685445 50.44838696, -3.51548216 50.44997877, -3.51263698 50.45001576, -3.51116426 50.44846095)))"
ARU-3358,"MultiPolygon (((-3.51959883 50.44520329, -3.5209709 50.44361143, -3.52381574 50.44357422, -3.52528874 50.44512887, -3.52391681 50.44672077, -3.52107178 50.44675798, -3.51959883 50.44520329)))"
ARO-3379,"MultiPolygon (((-3.54305492 50.37878893, -3.54442426 50.37719681, -3.5472651 50.37715906, -3.5487368 50.37871341, -3.54736757 50.38030557, -3.54452653 50.38034333, -3.54305492 50.37878893)))"
ASE-3350,"MultiPolygon (((-3.47770884 50.47092528, -3.47908299 50.46933391, -3.48192937 50.46929773, -3.4834018 50.47085291, -3.48202775 50.47244432, -3.47918117 50.47248051, -3.47770884 50.47092528)))"
ARJ-3354,"MultiPolygon (((-3.56700773 50.45874004, -3.56837855 50.45714763, -3.57122415 50.45710923, -3.57269912 50.45866326, -3.57132841 50.4602557, -3.56848263 50.46029409, -3.56700773 50.45874004)))"
ART-3367,"MultiPolygon (((-3.52300781 50.41840179, -3.52437897 50.41680989, -3.52722219 50.41677262, -3.52869445 50.41832723, -3.5273234 50.41991917, -3.52447998 50.41995645, -3.52300781 50.41840179)))"
ASC-3373,"MultiPolygon (((-3.48398337 50.39844492, -3.48535527 50.39685349, -3.48819735 50.39681716, -3.48966772 50.39837225, -3.48829593 50.39996373, -3.48545366 50.40000006, -3.48398337 50.39844492)))"
ASA-3343,"MultiPolygon (((-3.49548261 50.49273332, -3.49685677 50.49114175, -3.49970444 50.49110511, -3.50117815 50.49266005, -3.49980407 50.49425168, -3.49695622 50.49428831, -3.49548261 50.49273332)))"
ASC-3345,"MultiPolygon (((-3.48674176 50.48654954, -3.48811605 50.48495807, -3.49096336 50.48492166, -3.49243656 50.48647671, -3.49106238 50.48806823, -3.48821488 50.48810465, -3.48674176 50.48654954)))"
ARB-3369,"MultiPolygon (((-3.59956494 50.41107809, -3.60093329 50.40948533, -3.60377604 50.40944615, -3.6052506 50.41099975, -3.60388235 50.41259257, -3.60103943 50.41263174, -3.59956494 50.41107809)))"
ARZ-3369,"MultiPolygon (((-3.49721938 50.41244064, -3.49859123 50.41084904, -3.50143412 50.4108124, -3.50290532 50.41236735, -3.5015336 50.41395898, -3.49869053 50.41399563, -3.49721938 50.41244064)))"
ASB-3373,"MultiPolygon (((-3.48829593 50.39996373, -3.48966772 50.39837225, -3.49250989 50.39833581, -3.49398045 50.39989085, -3.49260875 50.4014824, -3.4897664 50.40151884, -3.48829593 50.39996373)))"
ARP-3380,"MultiPolygon (((-3.53874255 50.37727212, -3.540112 50.37568005, -3.54295275 50.3756424, -3.54442426 50.37719681, -3.54305492 50.37878893, -3.54021397 50.37882658, -3.53874255 50.37727212)))"
ASE-3347,"MultiPolygon (((-3.47800318 50.48036507, -3.47937759 50.4787737, -3.48222455 50.47873751, -3.48369728 50.48029268, -3.48232297 50.4818841, -3.47947583 50.4819203, -3.47800318 50.48036507)))"
ASD-3352,"MultiPolygon (((-3.48183102 50.46615113, -3.48320489 50.46455971, -3.48605098 50.46452343, -3.48752339 50.46607856, -3.48614962 50.46767002, -3.48330334 50.46770631, -3.48183102 50.46615113)))"
ARO-3376,"MultiPolygon (((-3.54336147 50.38822852, -3.5447311 50.38663638, -3.54757253 50.3865986, -3.54904456 50.38815293, -3.54767503 50.38974512, -3.54483339 50.38978292, -3.54336147 50.38822852)))"
ASA-3371,"MultiPolygon (((-3.49270763 50.40462899, -3.49407941 50.40303745, -3.49692185 50.40300089, -3.4983927 50.40455588, -3.49702102 50.40614747, -3.49417839 50.40618402, -3.49270763 50.40462899)))"
ASG-3373,"MultiPolygon (((-3.46693015 50.39866134, -3.46830264 50.3970701, -3.47114476 50.39703417, -3.47261458 50.39858947, -3.4712422 50.40018076, -3.46839989 50.40021669, -3.46693015 50.39866134)))"
ASE-3361,"MultiPolygon (((-3.47663074 50.43631265, -3.47800396 50.43472129, -3.48084832 50.43468512, -3.48231964 50.43624031, -3.48094651 50.43783173, -3.47810196 50.4378679, -3.47663074 50.43631265)))"
ASG-3366,"MultiPolygon (((-3.46761078 50.42068754, -3.46898385 50.41909628, -3.47182728 50.41906034, -3.47329782 50.42061565, -3.47192485 50.42220695, -3.46908123 50.42224289, -3.46761078 50.42068754)))"
ARQ-3365,"MultiPolygon (((-3.53595543 50.42295345, -3.5373263 50.4213614, -3.54016983 50.4213238, -3.54164267 50.42287824, -3.5402719 50.42447034, -3.53742819 50.42450794, -3.53595543 50.42295345)))"
AQW-3361,"MultiPolygon (((-3.6216917 50.43438105, -3.62306001 50.432788, -3.62590406 50.43274829, -3.62738 50.43430162, -3.62601178 50.43589473, -3.62316753 50.43593445, -3.6216917 50.43438105)))"
ARI-3351,"MultiPolygon (((-3.57153698 50.46654855, -3.57290785 50.46495611, -3.57575389 50.46491761, -3.57722925 50.46647154, -3.57585848 50.46806401, -3.57301225 50.46810252, -3.57153698 50.46654855)))"
ARV-3361,"MultiPolygon (((-3.51508018 50.43739252, -3.51645212 50.43580073, -3.51929655 50.43576363, -3.52076919 50.43731832, -3.51939729 50.43891018, -3.51655267 50.43894729, -3.51508018 50.43739252)))"
ASG-3367,"MultiPolygon (((-3.4675135 50.41754091, -3.46888649 50.41594967, -3.47172973 50.41591373, -3.47320017 50.41746904, -3.47182728 50.41906034, -3.46898385 50.41909628, -3.4675135 50.41754091)))"
ASA-3376,"MultiPolygon (((-3.49221342 50.38889611, -3.49358478 50.38730459, -3.49642627 50.38726804, -3.4978966 50.38882302, -3.49652534 50.39041459, -3.49368365 50.39045113, -3.49221342 50.38889611)))"
ARX-3340,"MultiPolygon (((-3.50864852 50.50358095, -3.51002254 50.50198922, -3.51287085 50.50195227, -3.51434532 50.50350703, -3.5129714 50.5050988, -3.51012291 50.50513576, -3.50864852 50.50358095)))"
AQX-3360,"MultiPolygon (((-3.61758617 50.43916014, -3.61895476 50.43756714, -3.62179912 50.43752752, -3.62327507 50.4390809, -3.62190659 50.44067396, -3.61906204 50.44071358, -3.61758617 50.43916014)))"
ARQ-3375,"MultiPolygon (((-3.53493841 50.39148795, -3.53630844 50.38989589, -3.5391501 50.3898583, -3.54062193 50.39141276, -3.53925199 50.39300487, -3.53641014 50.39304246, -3.53493841 50.39148795)))"
ASD-3354,"MultiPolygon (((-3.48163434 50.45985793, -3.48300805 50.45826652, -3.48585377 50.45823024, -3.48732597 50.45978537, -3.48595237 50.46137683, -3.48310646 50.46141311, -3.48163434 50.45985793)))"
ASF-3348,"MultiPolygon (((-3.47368367 50.47884588, -3.47505819 50.47725456, -3.47790505 50.47721848, -3.47937759 50.4787737, -3.47800318 50.48036507, -3.47515613 50.48040116, -3.47368367 50.47884588)))"
AQZ-3360,"MultiPolygon (((-3.60905274 50.43927852, -3.61042163 50.43768559, -3.61326602 50.43764617, -3.6147417 50.43919967, -3.61337291 50.44079264, -3.61052833 50.44083207, -3.60905274 50.43927852)))"
ASA-3350,"MultiPolygon (((-3.49478764 50.47070733, -3.49616121 50.46911576, -3.49900756 50.46907916, -3.50048053 50.47063412, -3.49910706 50.47222574, -3.49626052 50.47226234, -3.49478764 50.47070733)))"
ARZ-3343,"MultiPolygon (((-3.49980407 50.49425168, -3.50117815 50.49266005, -3.50402597 50.4926233, -3.50549989 50.49417817, -3.5041259 50.49576985, -3.50127789 50.49580661, -3.49980407 50.49425168)))"
ARZ-3377,"MultiPolygon (((-3.49642627 50.38726804, -3.49779744 50.38567647, -3.50063884 50.38563982, -3.50210925 50.38719476, -3.50073818 50.38878637, -3.4978966 50.38882302, -3.49642627 50.38726804)))"
ASE-3372,"MultiPolygon (((-3.47555452 50.40170003, -3.4769268 50.40010868, -3.47976909 50.40007254, -3.4812393 50.40162774, -3.47986713 50.40321914, -3.47702464 50.40325528, -3.47555452 50.40170003)))"
ASD-3372,"MultiPolygon (((-3.47986713 50.40321914, -3.4812393 50.40162774, -3.48408167 50.4015915, -3.48555206 50.40314666, -3.48418 50.40473809, -3.48133744 50.40477434, -3.47986713 50.40321914)))"
ARS-3370,"MultiPolygon (((-3.52691871 50.40733294, -3.52828943 50.40574101, -3.53113198 50.40570364, -3.53260402 50.40725821, -3.53123341 50.4088502, -3.52839066 50.40888757, -3.52691871 50.40733294)))"
ARW-3358,"MultiPolygon (((-3.51106403 50.44531439, -3.51243632 50.44372263, -3.51528113 50.44368565, -3.51675383 50.44524041, -3.51538164 50.44683221, -3.51253664 50.4468692, -3.51106403 50.44531439)))"
ARS-3369,"MultiPolygon (((-3.52701986 50.4104795, -3.52839066 50.40888757, -3.53123341 50.4088502, -3.53270554 50.41040476, -3.53133484 50.41199675, -3.52849191 50.41203412, -3.52701986 50.4104795)))"
AQV-3363,"MultiPolygon (((-3.62579632 50.42960187, -3.62716434 50.42800879, -3.6300081 50.42796898, -3.63148403 50.42952226, -3.63011612 50.43111539, -3.62727217 50.4311552, -3.62579632 50.42960187)))"
ARY-3364,"MultiPolygon (((-3.50193168 50.42654534, -3.50330376 50.42495369, -3.50614744 50.42491694, -3.50761925 50.42647183, -3.50624728 50.42806352, -3.50340339 50.42810028, -3.50193168 50.42654534)))"
ARP-3363,"MultiPolygon (((-3.5404761 50.4307634, -3.54184704 50.4291713, -3.54469102 50.42913358, -3.54616426 50.43068796, -3.54479342 50.43228011, -3.54194925 50.43231783, -3.5404761 50.4307634)))"
ASC-3365,"MultiPolygon (((-3.48477025 50.42361766, -3.48614282 50.42202622, -3.48898637 50.42198988, -3.49045754 50.42354498, -3.48908507 50.42513648, -3.48624134 50.42517281, -3.48477025 50.42361766)))"
ARB-3368,"MultiPolygon (((-3.59967101 50.4142245, -3.60103943 50.41263174, -3.60388235 50.41259257, -3.60535701 50.41414616, -3.60398867 50.41573898, -3.6011456 50.41577814, -3.59967101 50.4142245)))"
ASF-3353,"MultiPolygon (((-3.47319462 50.46311286, -3.4745687 50.46152154, -3.47741462 50.46148547, -3.47888666 50.46304071, -3.47751268 50.46463207, -3.47466657 50.46466815, -3.47319462 50.46311286)))"
ARV-3357,"MultiPolygon (((-3.51548216 50.44997877, -3.51685445 50.44838696, -3.51969963 50.44834984, -3.52117268 50.44990452, -3.51980045 50.45149639, -3.51695507 50.45153352, -3.51548216 50.44997877)))"
ARX-3359,"MultiPolygon (((-3.50674669 50.4437964, -3.50811909 50.4422047, -3.51096381 50.44216782, -3.51243632 50.44372263, -3.51106403 50.44531439, -3.50821912 50.44535127, -3.50674669 50.4437964)))"
ARZ-3356,"MultiPolygon (((-3.4985103 50.45334629, -3.49988325 50.45175468, -3.50272857 50.45171799, -3.50420113 50.45327291, -3.50282827 50.45486457, -3.49998275 50.45490126, -3.4985103 50.45334629)))"
ARY-3356,"MultiPolygon (((-3.50272857 50.45171799, -3.50410135 50.45012634, -3.50694658 50.45008954, -3.50841921 50.45164441, -3.50704655 50.45323611, -3.50420113 50.45327291, -3.50272857 50.45171799)))"
ASI-3373,"MultiPolygon (((-3.45840347 50.3987686, -3.45977626 50.39717747, -3.46261839 50.39714175, -3.46408793 50.39869716, -3.46271526 50.40028834, -3.45987293 50.40032406, -3.45840347 50.3987686)))"
ARV-3368,"MultiPolygon (((-3.51437741 50.41536654, -3.51574877 50.41377474, -3.51859184 50.41373767, -3.52006376 50.41529239, -3.51869245 50.41688425, -3.51584919 50.41692132, -3.51437741 50.41536654)))"
ASA-3345,"MultiPolygon (((-3.49528396 50.48644019, -3.49665796 50.48484862, -3.49950525 50.484812, -3.50097874 50.48636694, -3.49960484 50.48795856, -3.49675736 50.48799518, -3.49528396 50.48644019)))"
ARQ-3372,"MultiPolygon (((-3.53524332 50.40092762, -3.53661361 50.39933557, -3.53945585 50.39929796, -3.54092799 50.4008524, -3.5395578 50.40244451, -3.53671537 50.40248212, -3.53524332 50.40092762)))"
ARQ-3357,"MultiPolygon (((-3.53677037 50.44812571, -3.53814192 50.44653366, -3.54098695 50.44649602, -3.54246061 50.44805043, -3.54108916 50.44964253, -3.53824394 50.44968018, -3.53677037 50.44812571)))"
ARX-3338,"MultiPolygon (((-3.50884909 50.509874, -3.51022329 50.5082823, -3.51307197 50.50824534, -3.51454664 50.50980006, -3.51317255 50.51139181, -3.51032368 50.51142878, -3.50884909 50.509874)))"
ASF-3361,"MultiPolygon (((-3.4724129 50.43794, -3.4737863 50.4363487, -3.47663074 50.43631265, -3.47810196 50.4378679, -3.47672866 50.43945925, -3.47388404 50.43949531, -3.4724129 50.43794)))"
ARX-3370,"MultiPolygon (((-3.50564851 50.40918403, -3.50701998 50.40759235, -3.50986266 50.4075555, -3.51133405 50.40911034, -3.50996267 50.41070208, -3.5071198 50.41073893, -3.50564851 50.40918403)))"
ARY-3357,"MultiPolygon (((-3.5026289 50.44857142, -3.50400159 50.44697976, -3.50684663 50.44694297, -3.50831915 50.44849784, -3.50694658 50.45008954, -3.50410135 50.45012634, -3.5026289 50.44857142)))"
ARX-3362,"MultiPolygon (((-3.50644699 50.43435667, -3.50781913 50.43276498, -3.51066329 50.43272811, -3.51213549 50.43428293, -3.51076345 50.43587468, -3.5079191 50.43591155, -3.50644699 50.43435667)))"
ARZ-3368,"MultiPolygon (((-3.49731859 50.41558723, -3.49869053 50.41399563, -3.5015336 50.41395898, -3.5030049 50.41551394, -3.50163309 50.41710557, -3.49878984 50.41714222, -3.49731859 50.41558723)))"
ARY-3368,"MultiPolygon (((-3.5015336 50.41395898, -3.50290532 50.41236735, -3.50574825 50.41233062, -3.50721965 50.41388551, -3.50584802 50.4154772, -3.5030049 50.41551394, -3.5015336 50.41395898)))"
ASG-3363,"MultiPolygon (((-3.4679027 50.43012737, -3.46927604 50.42853611, -3.47212002 50.42850017, -3.47359086 50.43005548, -3.47221763 50.43164678, -3.46937346 50.43168273, -3.4679027 50.43012737)))"
ARM-3377,"MultiPolygon (((-3.55178329 50.38496853, -3.5531525 50.38337632, -3.55599371 50.38333835, -3.55746589 50.38489257, -3.55609679 50.38648483, -3.55325539 50.38652282, -3.55178329 50.38496853)))"
ARU-3370,"MultiPolygon (((-3.51839068 50.40744453, -3.51976171 50.40585269, -3.52260429 50.40581553, -3.52407605 50.40737021, -3.52270515 50.40896209, -3.51986239 50.40899925, -3.51839068 50.40744453)))"
ASD-3362,"MultiPolygon (((-3.48084832 50.43468512, -3.48222136 50.43309371, -3.48506559 50.43305745, -3.48653698 50.43461261, -3.48516406 50.43620405, -3.48231964 50.43624031, -3.48084832 50.43468512)))"
ARP-3357,"MultiPolygon (((-3.54108916 50.44964253, -3.54246061 50.44805043, -3.54530573 50.44801269, -3.54677958 50.44956704, -3.54540824 50.4511592, -3.54256294 50.45119694, -3.54108916 50.44964253)))"
ARP-3358,"MultiPolygon (((-3.54098695 50.44649602, -3.54235831 50.44490392, -3.54520324 50.44486618, -3.54667699 50.44642053, -3.54530573 50.44801269, -3.54246061 50.44805043, -3.54098695 50.44649602)))"
ARX-3337,"MultiPolygon (((-3.50894939 50.51302049, -3.51032368 50.51142878, -3.51317255 50.51139181, -3.51464733 50.51294654, -3.51327315 50.51453829, -3.51042409 50.51457527, -3.50894939 50.51302049)))"
ARY-3343,"MultiPolygon (((-3.50402597 50.4926233, -3.50539987 50.49103162, -3.50824759 50.49099477, -3.50972157 50.4925496, -3.50834779 50.49414132, -3.50549989 50.49417817, -3.50402597 50.4926233)))"
ARC-3361,"MultiPolygon (((-3.5960938 50.43473516, -3.59746305 50.43314236, -3.60030727 50.43310321, -3.60178238 50.43465689, -3.60041325 50.43624974, -3.59756886 50.43628888, -3.5960938 50.43473516)))"
ARH-3350,"MultiPolygon (((-3.57596308 50.4712104, -3.57733393 50.46961793, -3.58018029 50.46957922, -3.58165596 50.47113301, -3.58028517 50.4727256, -3.57743863 50.47276432, -3.57596308 50.4712104)))"
ASA-3361,"MultiPolygon (((-3.49369723 50.4360949, -3.49506986 50.43450334, -3.49791416 50.43446677, -3.49938601 50.43602175, -3.49801348 50.43761336, -3.495169 50.43764993, -3.49369723 50.4360949)))"
ASD-3346,"MultiPolygon (((-3.48242141 50.48503069, -3.48379581 50.48343927, -3.48664303 50.48340296, -3.48811605 50.48495807, -3.48674176 50.48654954, -3.48389435 50.48658585, -3.48242141 50.48503069)))"
ARU-3363,"MultiPolygon (((-3.51909511 50.42947051, -3.52046675 50.42787865, -3.52331065 50.42784147, -3.52478314 50.42939612, -3.52341164 50.43098802, -3.52056755 50.43102521, -3.51909511 50.42947051)))"
ASA-3358,"MultiPolygon (((-3.49399442 50.44553466, -3.49536731 50.44394311, -3.49821216 50.44390653, -3.49968431 50.44546151, -3.49831152 50.44705312, -3.49546649 50.4470897, -3.49399442 50.44553466)))"
ARO-3380,"MultiPolygon (((-3.54295275 50.3756424, -3.54432207 50.37405027, -3.54716273 50.37401252, -3.54863424 50.3755669, -3.5472651 50.37715906, -3.54442426 50.37719681, -3.54295275 50.3756424)))"
ARJ-3351,"MultiPolygon (((-3.56731977 50.46817933, -3.56869084 50.46658696, -3.57153698 50.46654855, -3.57301225 50.46810252, -3.57164129 50.46969494, -3.56879496 50.46973335, -3.56731977 50.46817933)))"
ARZ-3341,"MultiPolygon (((-3.5000034 50.5005448, -3.50137764 50.49895317, -3.50422584 50.49891641, -3.50569997 50.50047127, -3.50432581 50.50206296, -3.50147742 50.50209972, -3.5000034 50.5005448)))"
ARO-3361,"MultiPolygon (((-3.54489585 50.43542663, -3.54626676 50.43383448, -3.54911102 50.43379665, -3.55058455 50.43535096, -3.54921374 50.43694316, -3.5463693 50.436981, -3.54489585 50.43542663)))"
AQX-3359,"MultiPolygon (((-3.61769335 50.4423066, -3.61906204 50.44071358, -3.62190659 50.44067396, -3.62338264 50.44222734, -3.62201404 50.44382043, -3.6191693 50.44386006, -3.61769335 50.4423066)))"
ARS-3358,"MultiPolygon (((-3.52813366 50.44509155, -3.5295054 50.44349961, -3.53235023 50.44346219, -3.5338235 50.44501672, -3.53245186 50.44660872, -3.52960685 50.44664614, -3.52813366 50.44509155)))"
ASB-3344,"MultiPolygon (((-3.49116142 50.4912148, -3.49253569 50.48962328, -3.49538327 50.48958676, -3.49685677 50.49114175, -3.49548261 50.49273332, -3.49263484 50.49276985, -3.49116142 50.4912148)))"
ASB-3366,"MultiPolygon (((-3.48898637 50.42198988, -3.49035875 50.42039839, -3.49320221 50.42036194, -3.49467348 50.42191698, -3.49330119 50.42350853, -3.49045754 50.42354498, -3.48898637 50.42198988)))"
AQY-3366,"MultiPolygon (((-3.61262478 50.41876747, -3.61399294 50.41717454, -3.6168361 50.41713506, -3.61831129 50.4186885, -3.61694325 50.42028147, -3.6140999 50.42032096, -3.61262478 50.41876747)))"
ASD-3349,"MultiPolygon (((-3.48212614 50.47559092, -3.48350027 50.4739995, -3.48634693 50.47396321, -3.48781964 50.47551833, -3.48644561 50.47710979, -3.48359877 50.47714609, -3.48212614 50.47559092)))"
ARV-3364,"MultiPolygon (((-3.51477889 50.42795283, -3.51615057 50.42636103, -3.51899441 50.42632395, -3.52046675 50.42787865, -3.51909511 50.42947051, -3.51625107 50.4295076, -3.51477889 50.42795283)))"
ASE-3351,"MultiPolygon (((-3.47761076 50.46777867, -3.47898482 50.46618731, -3.48183102 50.46615113, -3.48330334 50.46770631, -3.48192937 50.46929773, -3.47908299 50.46933391, -3.47761076 50.46777867)))"
ARX-3347,"MultiPolygon (((-3.50794709 50.48155513, -3.50932053 50.47996342, -3.51216751 50.47992649, -3.51364126 50.48148127, -3.51226794 50.48307303, -3.50942076 50.48310997, -3.50794709 50.48155513)))"
ASD-3364,"MultiPolygon (((-3.48065196 50.42839192, -3.48202482 50.42680051, -3.48486868 50.42676426, -3.48633986 50.42831942, -3.48496712 50.42991086, -3.48212307 50.42994711, -3.48065196 50.42839192)))"
ARY-3367,"MultiPolygon (((-3.50163309 50.41710557, -3.5030049 50.41551394, -3.50584802 50.4154772, -3.50731953 50.41703209, -3.50594781 50.41862378, -3.5031045 50.41866052, -3.50163309 50.41710557)))"
ARO-3378,"MultiPolygon (((-3.54315711 50.38193545, -3.54452653 50.38034333, -3.54736757 50.38030557, -3.54883937 50.38185992, -3.54747005 50.38345208, -3.54462882 50.38348985, -3.54315711 50.38193545)))"
ARR-3369,"MultiPolygon (((-3.53133484 50.41199675, -3.53270554 50.41040476, -3.53554841 50.41036727, -3.53702076 50.41192177, -3.53565013 50.41351382, -3.53280708 50.41355131, -3.53133484 50.41199675)))"
ASC-3340,"MultiPolygon (((-3.48723569 50.50228242, -3.48861041 50.50069094, -3.49145867 50.50065451, -3.4929324 50.50220955, -3.49155778 50.50380108, -3.48870934 50.50383751, -3.48723569 50.50228242)))"
ARD-3362,"MultiPolygon (((-3.59177459 50.43322045, -3.5931439 50.43162772, -3.59598804 50.43158867, -3.59746305 50.43314236, -3.5960938 50.43473516, -3.59324948 50.4347742, -3.59177459 50.43322045)))"
ASF-3371,"MultiPolygon (((-3.47143716 50.40647395, -3.47280971 50.40488266, -3.47565229 50.40484662, -3.47712251 50.40640188, -3.47575006 50.40799322, -3.4729073 50.40802925, -3.47143716 50.40647395)))"
ASF-3359,"MultiPolygon (((-3.47260823 50.44423322, -3.4739818 50.44264191, -3.47682661 50.44260586, -3.47829803 50.44416111, -3.47692456 50.44575247, -3.47407957 50.44578853, -3.47260823 50.44423322)))"
ARY-3363,"MultiPolygon (((-3.50203123 50.42969192, -3.50340339 50.42810028, -3.50624728 50.42806352, -3.50771919 50.4296184, -3.50634712 50.4312101, -3.50350305 50.43124686, -3.50203123 50.42969192)))"
ASA-3364,"MultiPolygon (((-3.49340017 50.42665513, -3.49477256 50.42506358, -3.49761631 50.42502701, -3.49908786 50.426582, -3.49771557 50.4281736, -3.49487163 50.42821017, -3.49340017 50.42665513)))"
ASC-3369,"MultiPolygon (((-3.48437669 50.41103127, -3.48574893 50.40943983, -3.48859175 50.40940349, -3.49006251 50.41095859, -3.48869037 50.41255009, -3.48584737 50.41258643, -3.48437669 50.41103127)))"
ASB-3372,"MultiPolygon (((-3.48839452 50.40311033, -3.4897664 50.40151884, -3.49260875 50.4014824, -3.49407941 50.40303745, -3.49270763 50.40462899, -3.48986509 50.40466543, -3.48839452 50.40311033)))"
ASH-3354,"MultiPolygon (((-3.46455927 50.46007396, -3.46593358 50.45848273, -3.46877936 50.45844686, -3.47025102 50.46000221, -3.46887684 50.46159347, -3.46603087 50.46162935, -3.46455927 50.46007396)))"
ARR-3361,"MultiPolygon (((-3.532147 50.43716912, -3.53351838 50.43557712, -3.53636275 50.43553961, -3.53783592 50.43709408, -3.53646463 50.43868614, -3.53362007 50.43872366, -3.532147 50.43716912)))"
ARX-3342,"MultiPolygon (((-3.50844801 50.49728786, -3.50982187 50.49569614, -3.5126698 50.49565919, -3.51414407 50.49721396, -3.51277031 50.49880573, -3.5099222 50.49884268, -3.50844801 50.49728786)))"
ASF-3354,"MultiPolygon (((-3.47309686 50.45996625, -3.47447085 50.45837494, -3.47731658 50.45833887, -3.47878851 50.45989411, -3.47741462 50.46148547, -3.4745687 50.46152154, -3.47309686 50.45996625)))"
ARO-3362,"MultiPolygon (((-3.54479342 50.43228011, -3.54616426 50.43068796, -3.54900832 50.43065013, -3.55048175 50.43220445, -3.54911102 50.43379665, -3.54626676 50.43383448, -3.54479342 50.43228011)))"
ASE-3345,"MultiPolygon (((-3.4781995 50.48665826, -3.47957408 50.48506689, -3.48242141 50.48503069, -3.48389435 50.48658585, -3.48251987 50.48817727, -3.47967235 50.48821348, -3.4781995 50.48665826)))"
ARW-3368,"MultiPolygon (((-3.5100627 50.41384866, -3.51143415 50.41225692, -3.5142771 50.41221996, -3.51574877 50.41377474, -3.51437741 50.41536654, -3.51153429 50.4154035, -3.5100627 50.41384866)))"
ARX-3346,"MultiPolygon (((-3.50804724 50.48470168, -3.50942076 50.48310997, -3.51226794 50.48307303, -3.51374179 50.48462781, -3.51236838 50.48621957, -3.50952101 50.48625651, -3.50804724 50.48470168)))"
ARH-3353,"MultiPolygon (((-3.57564933 50.46177119, -3.57701995 50.46017871, -3.57986574 50.46014007, -3.5813411 50.46169391, -3.57997057 50.46328647, -3.57712458 50.46332513, -3.57564933 50.46177119)))"
ARJ-3350,"MultiPolygon (((-3.56742381 50.47132571, -3.56879496 50.46973335, -3.57164129 50.46969494, -3.57311666 50.47124891, -3.57174562 50.47284132, -3.5688991 50.47287972, -3.56742381 50.47132571)))"
ARY-3360,"MultiPolygon (((-3.50232999 50.43913167, -3.50370241 50.43754002, -3.50654687 50.43750325, -3.50801909 50.43905812, -3.50664677 50.44064982, -3.50380212 50.4406866, -3.50232999 50.43913167)))"
ARZ-3362,"MultiPolygon (((-3.49791416 50.43446677, -3.49928661 50.43287517, -3.5021308 50.4328385, -3.50360272 50.43439344, -3.50223038 50.43598509, -3.49938601 50.43602175, -3.49791416 50.43446677)))"
ASD-3371,"MultiPolygon (((-3.47996518 50.40636573, -3.48133744 50.40477434, -3.48418 50.40473809, -3.48565049 50.40629324, -3.48427834 50.40788467, -3.48143559 50.40792092, -3.47996518 50.40636573)))"
AQY-3360,"MultiPolygon (((-3.61326602 50.43764617, -3.61463473 50.43605319, -3.61747901 50.43601368, -3.61895476 50.43756714, -3.61758617 50.43916014, -3.6147417 50.43919967, -3.61326602 50.43764617)))"
ASG-3356,"MultiPolygon (((-3.46858444 50.45215365, -3.46995836 50.45056239, -3.47280364 50.45052644, -3.47427518 50.45208174, -3.47290136 50.45367304, -3.47005589 50.453709, -3.46858444 50.45215365)))"
ASC-3376,"MultiPolygon (((-3.48368859 50.38900521, -3.48506025 50.38741379, -3.48790177 50.38737746, -3.48937182 50.38893254, -3.48800026 50.39052401, -3.48515856 50.39056034, -3.48368859 50.38900521)))"
ASE-3371,"MultiPolygon (((-3.47565229 50.40484662, -3.47702464 50.40325528, -3.47986713 50.40321914, -3.48133744 50.40477434, -3.47996518 50.40636573, -3.47712251 50.40640188, -3.47565229 50.40484662)))"
ARS-3366,"MultiPolygon (((-3.5273234 50.41991917, -3.52869445 50.41832723, -3.53153776 50.41828985, -3.53301021 50.41984441, -3.53163926 50.4214364, -3.52879576 50.42147378, -3.5273234 50.41991917)))"
ARP-3374,"MultiPolygon (((-3.53935391 50.39615141, -3.54072392 50.39455932, -3.54356585 50.39452162, -3.54503798 50.39607601, -3.54366808 50.39766815, -3.54082595 50.39770586, -3.53935391 50.39615141)))"
ARR-3373,"MultiPolygon (((-3.53092919 50.39941053, -3.53229956 50.39781854, -3.53514166 50.39778107, -3.53661361 50.39933557, -3.53524332 50.40092762, -3.53240101 50.4009651, -3.53092919 50.39941053)))"
ASB-3342,"MultiPolygon (((-3.49135957 50.49750794, -3.49273401 50.49591642, -3.49558197 50.49587989, -3.49705568 50.49743488, -3.49568135 50.49902645, -3.49283319 50.49906299, -3.49135957 50.49750794)))"
ASA-3374,"MultiPolygon (((-3.49241104 50.39518924, -3.49378256 50.3935977, -3.49662444 50.39356116, -3.49809498 50.39511614, -3.49672356 50.39670773, -3.4938815 50.39674428, -3.49241104 50.39518924)))"
ASD-3343,"MultiPolygon (((-3.48271684 50.49447044, -3.48409149 50.49287901, -3.48693928 50.4928427, -3.48841261 50.4943978, -3.48703807 50.49598927, -3.48419009 50.49602559, -3.48271684 50.49447044)))"
AQZ-3359,"MultiPolygon (((-3.60915935 50.442425, -3.61052833 50.44083207, -3.61337291 50.44079264, -3.61484869 50.44234613, -3.6134798 50.44393913, -3.61063503 50.44397856, -3.60915935 50.442425)))"
ARG-3351,"MultiPolygon (((-3.58007542 50.46643284, -3.58144604 50.46484028, -3.58429211 50.46480148, -3.58576774 50.46635527, -3.58439725 50.46794782, -3.58155099 50.46798663, -3.58007542 50.46643284)))"
ART-3369,"MultiPolygon (((-3.52280602 50.41210866, -3.52417701 50.41051677, -3.52701986 50.4104795, -3.52849191 50.41203412, -3.52712102 50.41362606, -3.52427798 50.41366333, -3.52280602 50.41210866)))"
ARA-3368,"MultiPolygon (((-3.60388235 50.41259257, -3.6052506 50.41099975, -3.6080934 50.41096048, -3.60956815 50.41251402, -3.6082 50.41410689, -3.60535701 50.41414616, -3.60388235 50.41259257)))"
ARC-3358,"MultiPolygon (((-3.59641104 50.44417469, -3.59778053 50.4425819, -3.60062529 50.44254276, -3.6021007 50.44409643, -3.60073132 50.44568927, -3.5978864 50.4457284, -3.59641104 50.44417469)))"
ARC-3359,"MultiPolygon (((-3.59630527 50.44102819, -3.59767469 50.43943539, -3.60051926 50.43939625, -3.60199458 50.44094992, -3.60062529 50.44254276, -3.59778053 50.4425819, -3.59630527 50.44102819)))"
ASD-3367,"MultiPolygon (((-3.48035753 50.41895211, -3.48173012 50.41736071, -3.48457343 50.41732446, -3.48604431 50.41887962, -3.48467183 50.42047106, -3.48182834 50.42050731, -3.48035753 50.41895211)))"
ARS-3362,"MultiPolygon (((-3.52772839 50.43250538, -3.52909979 50.43091344, -3.53194385 50.43087604, -3.53341671 50.43243059, -3.53204541 50.43402258, -3.52920116 50.43405998, -3.52772839 50.43250538)))"
ARW-3371,"MultiPolygon (((-3.50976265 50.40440892, -3.51113385 50.40281718, -3.51397624 50.40278023, -3.51544761 50.40433502, -3.51407652 50.40592681, -3.51123394 50.40596376, -3.50976265 50.40440892)))"
ASH-3367,"MultiPolygon (((-3.46329697 50.41916797, -3.46467015 50.41757676, -3.4675135 50.41754091, -3.46898385 50.41909628, -3.46761078 50.42068754, -3.46476724 50.42072339, -3.46329697 50.41916797)))"
ASG-3374,"MultiPolygon (((-3.46683301 50.39551475, -3.46820541 50.39392352, -3.47104734 50.39388759, -3.47251706 50.39544289, -3.47114476 50.39703417, -3.46830264 50.3970701, -3.46683301 50.39551475)))"
ASC-3343,"MultiPolygon (((-3.48693928 50.4928427, -3.48831373 50.49125122, -3.49116142 50.4912148, -3.49263484 50.49276985, -3.49126048 50.49436137, -3.48841261 50.4943978, -3.48693928 50.4928427)))"
ARP-3371,"MultiPolygon (((-3.53965976 50.40559106, -3.54103004 50.40399895, -3.54387255 50.40396124, -3.54534497 50.40551564, -3.54397479 50.4071078, -3.5411321 50.40714551, -3.53965976 50.40559106)))"
ASC-3351,"MultiPolygon (((-3.48614962 50.46767002, -3.48752339 50.46607856, -3.49036957 50.46604217, -3.49184216 50.46759724, -3.49046849 50.46918876, -3.48762212 50.46922515, -3.48614962 50.46767002)))"
ARU-3369,"MultiPolygon (((-3.51849125 50.4105911, -3.51986239 50.40899925, -3.52270515 50.40896209, -3.52417701 50.41051677, -3.52280602 50.41210866, -3.51996306 50.41214582, -3.51849125 50.4105911)))"
ARC-3360,"MultiPolygon (((-3.59619952 50.43788168, -3.59756886 50.43628888, -3.60041325 50.43624974, -3.60188846 50.43780342, -3.60051926 50.43939625, -3.59767469 50.43943539, -3.59619952 50.43788168)))"
ASG-3372,"MultiPolygon (((-3.46702733 50.40180792, -3.46839989 50.40021669, -3.4712422 50.40018076, -3.47271213 50.40173606, -3.47133967 50.40332735, -3.46849717 50.40336328, -3.46702733 50.40180792)))"
ASB-3356,"MultiPolygon (((-3.48997406 50.45345582, -3.4913473 50.45186431, -3.49419262 50.45182784, -3.49566489 50.45338287, -3.49429174 50.45497442, -3.49144623 50.4550109, -3.48997406 50.45345582)))"
ASD-3350,"MultiPolygon (((-3.48202775 50.47244432, -3.4834018 50.47085291, -3.48624826 50.47081661, -3.48772087 50.47237174, -3.48634693 50.47396321, -3.48350027 50.4739995, -3.48202775 50.47244432)))"
ARX-3357,"MultiPolygon (((-3.50694658 50.45008954, -3.50831915 50.44849784, -3.51116426 50.44846095, -3.51263698 50.45001576, -3.5112645 50.45160752, -3.50841921 50.45164441, -3.50694658 50.45008954)))"
ASD-3370,"MultiPolygon (((-3.48006324 50.40951232, -3.48143559 50.40792092, -3.48427834 50.40788467, -3.48574893 50.40943983, -3.48437669 50.41103127, -3.48153375 50.41106753, -3.48006324 50.40951232)))"
ASF-3356,"MultiPolygon (((-3.47290136 50.45367304, -3.47427518 50.45208174, -3.47712055 50.45204568, -3.47859227 50.45360092, -3.47721855 50.45519227, -3.474373 50.45522834, -3.47290136 50.45367304)))"
ASF-3374,"MultiPolygon (((-3.47114476 50.39703417, -3.47251706 50.39544289, -3.47535907 50.39540686, -3.47682898 50.3969621, -3.47545679 50.39855344, -3.47261458 50.39858947, -3.47114476 50.39703417)))"
ASA-3359,"MultiPolygon (((-3.49389535 50.44238807, -3.49526815 50.44079652, -3.49811281 50.44075995, -3.49958486 50.44231493, -3.49821216 50.44390653, -3.49536731 50.44394311, -3.49389535 50.44238807)))"
ASB-3376,"MultiPolygon (((-3.48800026 50.39052401, -3.48937182 50.38893254, -3.49221342 50.38889611, -3.49368365 50.39045113, -3.49231221 50.39204266, -3.48947042 50.3920791, -3.48800026 50.39052401)))"
ASE-3354,"MultiPolygon (((-3.47731658 50.45833887, -3.47869038 50.45674751, -3.48153603 50.45671134, -3.48300805 50.45826652, -3.48163434 50.45985793, -3.47878851 50.45989411, -3.47731658 50.45833887)))"
ARQ-3359,"MultiPolygon (((-3.53656653 50.44183267, -3.53793791 50.44024061, -3.54078256 50.44020298, -3.54225603 50.4417574, -3.54088475 50.4433495, -3.53803991 50.44338714, -3.53656653 50.44183267)))"
ARP-3359,"MultiPolygon (((-3.54088475 50.4433495, -3.54225603 50.4417574, -3.54510076 50.44171966, -3.54657441 50.44327403, -3.54520324 50.44486618, -3.54235831 50.44490392, -3.54088475 50.4433495)))"
AQZ-3358,"MultiPolygon (((-3.60926594 50.4455715, -3.61063503 50.44397856, -3.6134798 50.44393913, -3.61495566 50.44549264, -3.61358669 50.44708563, -3.61074173 50.44712506, -3.60926594 50.4455715)))"
ASF-3367,"MultiPolygon (((-3.47182728 50.41906034, -3.47320017 50.41746904, -3.47604349 50.417433, -3.47751412 50.41898826, -3.47614133 50.42057961, -3.47329782 50.42061565, -3.47182728 50.41906034)))"
ARL-3379,"MultiPolygon (((-3.55589064 50.38019186, -3.55725958 50.3785996, -3.56010049 50.37856152, -3.56157266 50.3801157, -3.56020383 50.38170801, -3.55736273 50.38174609, -3.55589064 50.38019186)))"
ARR-3372,"MultiPolygon (((-3.53103058 50.40255708, -3.53240101 50.4009651, -3.53524332 50.40092762, -3.53671537 50.40248212, -3.535345 50.40407417, -3.53250251 50.40411166, -3.53103058 50.40255708)))"
ASE-3360,"MultiPolygon (((-3.47672866 50.43945925, -3.47810196 50.4378679, -3.48094651 50.43783173, -3.48241794 50.43938692, -3.48104473 50.44097833, -3.47819999 50.4410145, -3.47672866 50.43945925)))"
ARA-3364,"MultiPolygon (((-3.60430769 50.42517826, -3.60567627 50.42358543, -3.60851982 50.42354615, -3.60999496 50.42509969, -3.60862641 50.4266926, -3.60578268 50.42673189, -3.60430769 50.42517826)))"
ARN-3377,"MultiPolygon (((-3.54757253 50.3865986, -3.54894196 50.38500642, -3.55178329 50.38496853, -3.55325539 50.38652282, -3.5518861 50.38811503, -3.54904456 50.38815293, -3.54757253 50.3865986)))"
ARI-3371,"MultiPolygon (((-3.56945485 50.40361865, -3.57082402 50.40202622, -3.57366633 50.4019878, -3.57513966 50.40354181, -3.5737706 50.40513428, -3.5709281 50.40517271, -3.56945485 50.40361865)))"
ARO-3359,"MultiPolygon (((-3.54510076 50.44171966, -3.54647185 50.44012751, -3.54931648 50.44008967, -3.55079022 50.44164398, -3.54941923 50.44323618, -3.54657441 50.44327403, -3.54510076 50.44171966)))"
ARN-3360,"MultiPolygon (((-3.54931648 50.44008967, -3.55068738 50.43849747, -3.55353192 50.43845952, -3.55500575 50.44001378, -3.55363495 50.44160603, -3.55079022 50.44164398, -3.54931648 50.44008967)))"
ARD-3364,"MultiPolygon (((-3.59156368 50.42692746, -3.5929329 50.42533468, -3.59577664 50.42529566, -3.59725137 50.4268494, -3.59588226 50.42844221, -3.59303832 50.42848125, -3.59156368 50.42692746)))"
ART-3353,"MultiPolygon (((-3.52442243 50.46245347, -3.52579479 50.46086156, -3.52864066 50.46082423, -3.53011436 50.4623788, -3.52874211 50.46397076, -3.52589605 50.4640081, -3.52442243 50.46245347)))"
ARV-3342,"MultiPolygon (((-3.51699209 50.4971769, -3.51836569 50.49558507, -3.5212137 50.49554788, -3.52268829 50.49710251, -3.52131478 50.49869439, -3.51846657 50.4987316, -3.51699209 50.4971769)))"
ARO-3353,"MultiPolygon (((-3.5457159 50.46059873, -3.5470875 50.45900657, -3.54993327 50.45896871, -3.55140763 50.46052299, -3.55003613 50.4621152, -3.54719017 50.46215307, -3.5457159 50.46059873)))"
ARC-3365,"MultiPolygon (((-3.59567087 50.42214921, -3.59703969 50.42055646, -3.5998831 50.42051736, -3.60135787 50.42207101, -3.59998919 50.42366379, -3.59714557 50.4237029, -3.59567087 50.42214921)))"
ARI-3368,"MultiPolygon (((-3.56976679 50.41305819, -3.57113624 50.41146573, -3.57397912 50.41142729, -3.57545275 50.4129813, -3.5740834 50.4145738, -3.57124032 50.41461225, -3.56976679 50.41305819)))"
ARJ-3367,"MultiPolygon (((-3.56565785 50.41783547, -3.56702759 50.41624306, -3.56987078 50.41620471, -3.57134441 50.41775878, -3.56997474 50.41935125, -3.56713138 50.4193896, -3.56565785 50.41783547)))"
ARN-3344,"MultiPolygon (((-3.55096271 50.49043329, -3.55233497 50.48884109, -3.55518251 50.48880297, -3.55665797 50.49035705, -3.55528582 50.49194931, -3.5524381 50.49198743, -3.55096271 50.49043329)))"
ARF-3359,"MultiPolygon (((-3.5835568 50.44277649, -3.58492666 50.44118387, -3.58777129 50.44114507, -3.58924626 50.44269889, -3.58787653 50.44429156, -3.5850317 50.44433036, -3.5835568 50.44277649)))"
ARL-3348,"MultiPolygon (((-3.55909135 50.47773335, -3.56046298 50.47614103, -3.56330975 50.47610277, -3.56478509 50.4776568, -3.56341356 50.47924915, -3.5605666 50.47928744, -3.55909135 50.47773335)))"
ARC-3363,"MultiPolygon (((-3.59588226 50.42844221, -3.59725137 50.4268494, -3.6000952 50.42681026, -3.60157011 50.42836395, -3.6002012 50.42995676, -3.59735717 50.4299959, -3.59588226 50.42844221)))"
ARP-3378,"MultiPolygon (((-3.53894635 50.38356518, -3.54031597 50.38197311, -3.54315711 50.38193545, -3.54462882 50.38348985, -3.54325929 50.38508198, -3.54041795 50.38511965, -3.53894635 50.38356518)))"
ART-3349,"MultiPolygon (((-3.52482724 50.47503961, -3.52619994 50.47344769, -3.52904657 50.47341034, -3.53052069 50.4749649, -3.5291481 50.47655686, -3.52630128 50.47659422, -3.52482724 50.47503961)))"
ARS-3346,"MultiPolygon (((-3.52935121 50.48284989, -3.53072398 50.48125792, -3.53357107 50.48122045, -3.53504561 50.48277494, -3.53367293 50.48436696, -3.53082565 50.48440444, -3.52935121 50.48284989)))"
ASI-3366,"MultiPolygon (((-3.45908014 50.42079487, -3.46045351 50.41920371, -3.46329697 50.41916797, -3.46476724 50.42072339, -3.46339397 50.42231459, -3.46055033 50.42235033, -3.45908014 50.42079487)))"
ARS-3372,"MultiPolygon (((-3.52671646 50.40103982, -3.52808701 50.39944788, -3.53092919 50.39941053, -3.53240101 50.4009651, -3.53103058 50.40255708, -3.52818821 50.40259445, -3.52671646 50.40103982)))"
ARR-3371,"MultiPolygon (((-3.53113198 50.40570364, -3.53250251 50.40411166, -3.535345 50.40407417, -3.53681715 50.40562867, -3.5354467 50.40722072, -3.53260402 50.40725821, -3.53113198 50.40570364)))"
ART-3370,"MultiPolygon (((-3.52270515 50.40896209, -3.52407605 50.40737021, -3.52691871 50.40733294, -3.52839066 50.40888757, -3.52701986 50.4104795, -3.52417701 50.41051677, -3.52270515 50.40896209)))"
ASC-3359,"MultiPolygon (((-3.48536105 50.44249725, -3.48673414 50.4409058, -3.48957881 50.44086944, -3.49105059 50.44242453, -3.4896776 50.44401604, -3.48683274 50.4440524, -3.48536105 50.44249725)))"
ARY-3359,"MultiPolygon (((-3.50242961 50.44227825, -3.50380212 50.4406866, -3.50664677 50.44064982, -3.50811909 50.4422047, -3.50674669 50.4437964, -3.50390185 50.44383318, -3.50242961 50.44227825)))"
ARH-3347,"MultiPolygon (((-3.576277 50.48064943, -3.57764811 50.47905699, -3.58049501 50.47901828, -3.58197099 50.48057206, -3.58059996 50.48216462, -3.57775287 50.48220331, -3.576277 50.48064943)))"
ARJ-3352,"MultiPolygon (((-3.56721574 50.4650329, -3.56858672 50.46344052, -3.57143268 50.46340212, -3.57290785 50.46495611, -3.57153698 50.46654855, -3.56869084 50.46658696, -3.56721574 50.4650329)))"
ARW-3356,"MultiPolygon (((-3.5112645 50.45160752, -3.51263698 50.45001576, -3.51548216 50.44997877, -3.51695507 50.45153352, -3.5155827 50.45312532, -3.51273732 50.45316232, -3.5112645 50.45160752)))"
AQX-3361,"MultiPolygon (((-3.61747901 50.43601368, -3.61884753 50.43442066, -3.6216917 50.43438105, -3.62316753 50.43593445, -3.62179912 50.43752752, -3.61895476 50.43756714, -3.61747901 50.43601368)))"
ARQ-3355,"MultiPolygon (((-3.53697428 50.45441876, -3.538346 50.4528267, -3.54119141 50.45278905, -3.54266528 50.45434346, -3.54129367 50.45593557, -3.53844807 50.45597322, -3.53697428 50.45441876)))"
ASG-3352,"MultiPolygon (((-3.46897433 50.46474009, -3.4703486 50.46314882, -3.47319462 50.46311286, -3.47466657 50.46466815, -3.47329241 50.46625946, -3.4704462 50.46629544, -3.46897433 50.46474009)))"
ARP-3375,"MultiPolygon (((-3.53925199 50.39300487, -3.54062193 50.39141276, -3.54346367 50.39137506, -3.54493566 50.39292947, -3.54356585 50.39452162, -3.54072392 50.39455932, -3.53925199 50.39300487)))"
ASB-3362,"MultiPolygon (((-3.48938127 50.43457626, -3.49075399 50.43298477, -3.49359819 50.43294831, -3.49506986 50.43450334, -3.49369723 50.4360949, -3.49085284 50.43613135, -3.48938127 50.43457626)))"
ASH-3371,"MultiPolygon (((-3.46290909 50.40658154, -3.46428193 50.40499035, -3.46712453 50.40495452, -3.46859448 50.40650988, -3.46722174 50.40810111, -3.46437896 50.40813695, -3.46290909 50.40658154)))"
ARO-3381,"MultiPolygon (((-3.54285073 50.37249584, -3.54421995 50.37090371, -3.54706042 50.37086596, -3.54853184 50.37242033, -3.54716273 50.37401252, -3.54432207 50.37405027, -3.54285073 50.37249584)))"
ARP-3376,"MultiPolygon (((-3.5391501 50.3898583, -3.54051993 50.38826621, -3.54336147 50.38822852, -3.54483339 50.38978292, -3.54346367 50.39137506, -3.54062193 50.39141276, -3.5391501 50.3898583)))"
ASI-3367,"MultiPolygon (((-3.45898343 50.41764824, -3.46035671 50.41605709, -3.46319998 50.41602135, -3.46467015 50.41757676, -3.46329697 50.41916797, -3.46045351 50.41920371, -3.45898343 50.41764824)))"
ASF-3366,"MultiPolygon (((-3.47192485 50.42220695, -3.47329782 50.42061565, -3.47614133 50.42057961, -3.47761206 50.42213486, -3.47623919 50.42372621, -3.47339549 50.42376226, -3.47192485 50.42220695)))"
ARX-3373,"MultiPolygon (((-3.50534936 50.39974429, -3.50672057 50.39815261, -3.50956269 50.39811576, -3.51103378 50.3996706, -3.50966267 50.40126234, -3.50682036 50.40129918, -3.50534936 50.39974429)))"
ARO-3371,"MultiPolygon (((-3.54387255 50.40396124, -3.54524265 50.40236908, -3.54808506 50.40233126, -3.54955752 50.40388564, -3.54818756 50.40547782, -3.54534497 50.40551564, -3.54387255 50.40396124)))"
ARE-3360,"MultiPolygon (((-3.58766612 50.43799853, -3.5890357 50.43640585, -3.59188005 50.43636696, -3.59335503 50.43792072, -3.59198551 50.43951347, -3.58914097 50.43955238, -3.58766612 50.43799853)))"
ASB-3354,"MultiPolygon (((-3.49017177 50.459749, -3.49154519 50.45815749, -3.49439089 50.45812101, -3.49586336 50.45967603, -3.49449005 50.46126759, -3.49164416 50.46130407, -3.49017177 50.459749)))"
ARY-3372,"MultiPolygon (((-3.50113578 50.40137264, -3.50250717 50.39978101, -3.50534936 50.39974429, -3.50682036 50.40129918, -3.50544905 50.40289087, -3.50260668 50.4029276, -3.50113578 50.40137264)))"
ART-3357,"MultiPolygon (((-3.5240179 50.44986731, -3.52538991 50.44827541, -3.52823502 50.44823809, -3.52970831 50.44979267, -3.52833641 50.45138462, -3.5254911 50.45142195, -3.5240179 50.44986731)))"
ARH-3348,"MultiPolygon (((-3.57617234 50.47750312, -3.57754336 50.47591068, -3.58039008 50.47587195, -3.58186595 50.47742571, -3.58049501 50.47901828, -3.57764811 50.47905699, -3.57617234 50.47750312)))"
ARW-3370,"MultiPolygon (((-3.50986266 50.4075555, -3.51123394 50.40596376, -3.51407652 50.40592681, -3.51554799 50.40748159, -3.5141768 50.40907338, -3.51133405 50.40911034, -3.50986266 50.4075555)))"
ASA-3337,"MultiPolygon (((-3.49607901 50.51161268, -3.49745369 50.51002111, -3.5003025 50.50998445, -3.50177684 50.51153936, -3.50040224 50.513131, -3.49755323 50.51316766, -3.49607901 50.51161268)))"
ARS-3363,"MultiPolygon (((-3.52762712 50.42935883, -3.52899843 50.42776689, -3.53184231 50.42772949, -3.53331506 50.42928404, -3.53194385 50.43087604, -3.52909979 50.43091344, -3.52762712 50.42935883)))"
ARU-3346,"MultiPolygon (((-3.52080956 50.48296178, -3.52218265 50.48136991, -3.52502976 50.48133265, -3.52650401 50.48288725, -3.52513105 50.48447917, -3.52228374 50.48451644, -3.52080956 50.48296178)))"
ARM-3371,"MultiPolygon (((-3.55239999 50.40384773, -3.55376978 50.40225547, -3.55661214 50.40221745, -3.55808492 50.40377167, -3.55671524 50.40536398, -3.55387267 50.40540202, -3.55239999 50.40384773)))"
ARP-3342,"MultiPolygon (((-3.5426247 50.49683971, -3.54399743 50.49524761, -3.54684538 50.49520974, -3.54832078 50.49676396, -3.54694816 50.4983561, -3.54410003 50.49839398, -3.5426247 50.49683971)))"
ARK-3357,"MultiPolygon (((-3.56237631 50.44778476, -3.56374699 50.44619241, -3.56659197 50.44615414, -3.56806646 50.44770822, -3.56669588 50.44930063, -3.56385071 50.4493389, -3.56237631 50.44778476)))"
ARY-3374,"MultiPolygon (((-3.50093694 50.3950795, -3.50230816 50.39348788, -3.50514999 50.39345116, -3.5066208 50.39500604, -3.50524967 50.39659772, -3.50240766 50.39663444, -3.50093694 50.3950795)))"
ARC-3366,"MultiPolygon (((-3.59556511 50.41900275, -3.59693388 50.41740999, -3.59977708 50.41737091, -3.6012517 50.41892458, -3.5998831 50.42051736, -3.59703969 50.42055646, -3.59556511 50.41900275)))"
ARS-3349,"MultiPolygon (((-3.52904657 50.47341034, -3.53041908 50.47181838, -3.53326561 50.47178092, -3.53473982 50.47333542, -3.53336741 50.47492744, -3.53052069 50.4749649, -3.52904657 50.47341034)))"
ASA-3354,"MultiPolygon (((-3.49439089 50.45812101, -3.49576411 50.45652945, -3.49860971 50.45649287, -3.50008227 50.45804784, -3.49870915 50.45963944, -3.49586336 50.45967603, -3.49439089 50.45812101)))"
ARV-3375,"MultiPolygon (((-3.51367552 50.3933405, -3.51504629 50.3917487, -3.51788803 50.39171165, -3.51935919 50.3932664, -3.51798852 50.39485823, -3.51514659 50.39489529, -3.51367552 50.3933405)))"
ARP-3354,"MultiPolygon (((-3.54139595 50.45908208, -3.54276765 50.45748997, -3.54561333 50.45745222, -3.5470875 50.45900657, -3.5457159 50.46059873, -3.54287003 50.46063648, -3.54139595 50.45908208)))"
ARM-3345,"MultiPolygon (((-3.55507921 50.48565664, -3.55645119 50.48406439, -3.55929844 50.48402617, -3.56077389 50.4855802, -3.55940201 50.4871725, -3.55655457 50.48721072, -3.55507921 50.48565664)))"
ARQ-3347,"MultiPolygon (((-3.53779068 50.47959086, -3.53916308 50.4779988, -3.54201 50.47796112, -3.5434847 50.47951549, -3.5421124 50.4811076, -3.5392653 50.48114529, -3.53779068 50.47959086)))"
ARN-3374,"MultiPolygon (((-3.54788 50.3960382, -3.54924974 50.39444599, -3.55209167 50.39440807, -3.55356404 50.39596237, -3.55219444 50.39755463, -3.54935233 50.39759254, -3.54788 50.3960382)))"
ARF-3369,"MultiPolygon (((-3.58250786 50.41131146, -3.58387681 50.40971887, -3.58671959 50.40968011, -3.58819362 50.41123393, -3.58682479 50.41282655, -3.58398183 50.41286531, -3.58250786 50.41131146)))"
ARV-3346,"MultiPolygon (((-3.51658905 50.48459077, -3.5179623 50.48299895, -3.52080956 50.48296178, -3.52228374 50.48451644, -3.52091057 50.48610831, -3.51806312 50.48614548, -3.51658905 50.48459077)))"
ARG-3358,"MultiPolygon (((-3.57934202 50.44440773, -3.58071205 50.44281517, -3.5835568 50.44277649, -3.5850317 50.44433036, -3.58366178 50.44592298, -3.58081684 50.44596166, -3.57934202 50.44440773)))"
ARV-3350,"MultiPolygon (((-3.5161863 50.47200462, -3.5175592 50.4704128, -3.5204057 50.47037565, -3.52187947 50.47193032, -3.52050664 50.47352219, -3.51765994 50.47355935, -3.5161863 50.47200462)))"
ARQ-3353,"MultiPolygon (((-3.53717827 50.4607118, -3.53855016 50.45911974, -3.54139595 50.45908208, -3.54287003 50.46063648, -3.54149825 50.46222859, -3.53865227 50.46226625, -3.53717827 50.4607118)))"
ART-3377,"MultiPolygon (((-3.52199951 50.38693613, -3.52336983 50.38534424, -3.52621119 50.38530698, -3.52768243 50.38686161, -3.52631221 50.38845355, -3.52347066 50.38849081, -3.52199951 50.38693613)))"
ARL-3360,"MultiPolygon (((-3.55785037 50.43997572, -3.559221 50.43838341, -3.56206552 50.43834526, -3.56353961 50.43989941, -3.56216909 50.44149177, -3.55932438 50.44152993, -3.55785037 50.43997572)))"
ARM-3368,"MultiPolygon (((-3.55270845 50.41328736, -3.5540785 50.4116951, -3.55692148 50.41165704, -3.5583946 50.41321124, -3.55702465 50.41480355, -3.55418147 50.41484162, -3.55270845 50.41328736)))"
ARI-3344,"MultiPolygon (((-3.57226756 50.48857295, -3.57363902 50.48698057, -3.57648637 50.48694206, -3.57796245 50.48849594, -3.57659108 50.49008837, -3.57374355 50.49012688, -3.57226756 50.48857295)))"
ART-3340,"MultiPolygon (((-3.52573913 50.50335815, -3.52711261 50.50176625, -3.52996096 50.50172884, -3.53143602 50.50328331, -3.53006265 50.50487526, -3.52721411 50.50491268, -3.52573913 50.50335815)))"
ARM-3366,"MultiPolygon (((-3.55291422 50.41958041, -3.55428446 50.41798814, -3.55712784 50.41795006, -3.55860117 50.41950424, -3.55723102 50.42109658, -3.55438746 50.42113466, -3.55291422 50.41958041)))"
ARW-3351,"MultiPolygon (((-3.511766 50.4673403, -3.5131389 50.46574854, -3.51598503 50.46571152, -3.51745847 50.46726626, -3.51608566 50.46885807, -3.51323934 50.46889509, -3.511766 50.4673403)))"
ARR-3352,"MultiPolygon (((-3.53306206 50.46548788, -3.53443422 50.46389587, -3.5372803 50.46385831, -3.5387544 50.46541277, -3.53738233 50.46700483, -3.53453607 50.46704239, -3.53306206 50.46548788)))"
ASA-3353,"MultiPolygon (((-3.49449005 50.46126759, -3.49586336 50.45967603, -3.49870915 50.45963944, -3.50018181 50.46119441, -3.4988086 50.46278602, -3.49596263 50.46282261, -3.49449005 50.46126759)))"
ARZ-3372,"MultiPolygon (((-3.49692185 50.40300089, -3.49829345 50.40140929, -3.50113578 50.40137264, -3.50260668 50.4029276, -3.50123521 50.40451923, -3.4983927 50.40455588, -3.49692185 50.40300089)))"
ARK-3347,"MultiPolygon (((-3.56341356 50.47924915, -3.56478509 50.4776568, -3.56763195 50.47761845, -3.56910745 50.47917243, -3.56773605 50.48076476, -3.56488899 50.48080316, -3.56341356 50.47924915)))"
ARL-3366,"MultiPolygon (((-3.55723102 50.42109658, -3.55860117 50.41950424, -3.56144464 50.41946606, -3.56291811 50.42102022, -3.56154807 50.4226126, -3.55870443 50.42265078, -3.55723102 50.42109658)))"
ARM-3374,"MultiPolygon (((-3.55209167 50.39440807, -3.55346119 50.39281582, -3.55630297 50.39277783, -3.55777543 50.39433207, -3.55640602 50.39592437, -3.55356404 50.39596237, -3.55209167 50.39440807)))"
ARU-3375,"MultiPolygon (((-3.51788803 50.39171165, -3.51925862 50.39011983, -3.52210026 50.39008268, -3.52357151 50.39163737, -3.52220103 50.39322925, -3.51935919 50.3932664, -3.51788803 50.39171165)))"
ARI-3359,"MultiPolygon (((-3.57070321 50.44137684, -3.57207348 50.43978435, -3.57491812 50.43974583, -3.57639265 50.44129981, -3.57502249 50.44289235, -3.57217769 50.44293086, -3.57070321 50.44137684)))"
ARK-3349,"MultiPolygon (((-3.56320597 50.47295632, -3.56457733 50.47136398, -3.56742381 50.47132571, -3.5688991 50.47287972, -3.56752787 50.47447211, -3.5646812 50.4745104, -3.56320597 50.47295632)))"
ARS-3343,"MultiPolygon (((-3.529656 50.49228944, -3.53102902 50.49069747, -3.53387669 50.49065998, -3.53535153 50.49221441, -3.5339786 50.49380646, -3.53113074 50.49384396, -3.529656 50.49228944)))"
ARR-3379,"MultiPolygon (((-3.53032127 50.38053114, -3.5316911 50.37893916, -3.53453205 50.37890168, -3.53600339 50.3804562, -3.53463367 50.38204823, -3.53179251 50.38208569, -3.53032127 50.38053114)))"
ARU-3339,"MultiPolygon (((-3.521517 50.50498735, -3.52289067 50.50339546, -3.52573913 50.50335815, -3.52721411 50.50491268, -3.52584054 50.50650458, -3.5229919 50.50654191, -3.521517 50.50498735)))"
ARR-3380,"MultiPolygon (((-3.53021996 50.3773846, -3.5315897 50.37579262, -3.53443046 50.37575514, -3.53590169 50.37730966, -3.53453205 50.37890168, -3.5316911 50.37893916, -3.53021996 50.3773846)))"
ART-3348,"MultiPolygon (((-3.52492849 50.47818613, -3.52630128 50.47659422, -3.5291481 50.47655686, -3.53062232 50.47811141, -3.52924964 50.47970337, -3.52640263 50.47974074, -3.52492849 50.47818613)))"
ASC-3353,"MultiPolygon (((-3.48595237 50.46137683, -3.48732597 50.45978537, -3.49017177 50.459749, -3.49164416 50.46130407, -3.49027066 50.46289558, -3.48742467 50.46293197, -3.48595237 50.46137683)))"
ARO-3345,"MultiPolygon (((-3.54653712 50.48577062, -3.5479094 50.48417851, -3.55075667 50.48414059, -3.55223186 50.48569475, -3.55085968 50.48728694, -3.54801222 50.48732488, -3.54653712 50.48577062)))"
ARK-3373,"MultiPolygon (((-3.56072065 50.39744049, -3.56208996 50.39584814, -3.56493195 50.39580991, -3.56640484 50.39736401, -3.56503563 50.3989564, -3.56219341 50.39899466, -3.56072065 50.39744049)))"
ARZ-3357,"MultiPolygon (((-3.4984109 50.45019971, -3.49978377 50.4486081, -3.5026289 50.44857142, -3.50410135 50.45012634, -3.50272857 50.45171799, -3.49988325 50.45175468, -3.4984109 50.45019971)))"
ASE-3363,"MultiPolygon (((-3.47643493 50.43001943, -3.47780798 50.42842807, -3.48065196 50.42839192, -3.48212307 50.42994711, -3.48075013 50.43153852, -3.47790596 50.43157468, -3.47643493 50.43001943)))"
ARR-3363,"MultiPolygon (((-3.53194385 50.43087604, -3.53331506 50.42928404, -3.53615906 50.42924653, -3.53763202 50.43080102, -3.53626089 50.43239307, -3.53341671 50.43243059, -3.53194385 50.43087604)))"
ARX-3372,"MultiPolygon (((-3.50544905 50.40289087, -3.50682036 50.40129918, -3.50966267 50.40126234, -3.51113385 50.40281718, -3.50976265 50.40440892, -3.50692016 50.40444577, -3.50544905 50.40289087)))"
ART-3368,"MultiPolygon (((-3.5229069 50.41525522, -3.52427798 50.41366333, -3.52712102 50.41362606, -3.52859317 50.41518068, -3.52722219 50.41677262, -3.52437897 50.41680989, -3.5229069 50.41525522)))"
ARZ-3342,"MultiPolygon (((-3.49990373 50.49739824, -3.50127789 50.49580661, -3.5041259 50.49576985, -3.50559992 50.49732472, -3.50422584 50.49891641, -3.50137764 50.49895317, -3.49990373 50.49739824)))"
ARO-3365,"MultiPolygon (((-3.54448628 50.42284053, -3.54585686 50.42124838, -3.54870037 50.42121056, -3.55017348 50.4227649, -3.548803 50.4243571, -3.54595931 50.42439491, -3.54448628 50.42284053)))"
ARA-3361,"MultiPolygon (((-3.60462658 50.4346177, -3.6059955 50.43302482, -3.6088396 50.43298552, -3.61031499 50.43453908, -3.60894616 50.43613202, -3.60610186 50.43617134, -3.60462658 50.4346177)))"
ARV-3367,"MultiPolygon (((-3.51447775 50.41851311, -3.51584919 50.41692132, -3.51869245 50.41688425, -3.52016447 50.41843896, -3.51879309 50.42003081, -3.51594963 50.42006789, -3.51447775 50.41851311)))"
ASB-3345,"MultiPolygon (((-3.49106238 50.48806823, -3.49243656 50.48647671, -3.49528396 50.48644019, -3.49675736 50.48799518, -3.49538327 50.48958676, -3.49253569 50.48962328, -3.49106238 50.48806823)))"
ARR-3360,"MultiPolygon (((-3.53224861 50.44031566, -3.53362007 50.43872366, -3.53646463 50.43868614, -3.53793791 50.44024061, -3.53656653 50.44183267, -3.53372178 50.4418702, -3.53224861 50.44031566)))"
ARX-3363,"MultiPolygon (((-3.50634712 50.4312101, -3.50771919 50.4296184, -3.51056315 50.42958154, -3.51203525 50.43113637, -3.51066329 50.43272811, -3.50781913 50.43276498, -3.50634712 50.4312101)))"
ARO-3375,"MultiPolygon (((-3.54346367 50.39137506, -3.54483339 50.38978292, -3.54767503 50.38974512, -3.54914719 50.39129943, -3.54777749 50.39289167, -3.54493566 50.39292947, -3.54346367 50.39137506)))"
ASA-3370,"MultiPolygon (((-3.49280652 50.40777556, -3.49417839 50.40618402, -3.49702102 50.40614747, -3.49849196 50.40770245, -3.4971202 50.40929405, -3.49427738 50.4093306, -3.49280652 50.40777556)))"
ASC-3348,"MultiPolygon (((-3.48644561 50.47710979, -3.48781964 50.47551833, -3.49066639 50.47548193, -3.49213929 50.47703699, -3.49076536 50.4786285, -3.48791843 50.47866491, -3.48644561 50.47710979)))"
ARY-3358,"MultiPolygon (((-3.50252925 50.44542484, -3.50390185 50.44383318, -3.50674669 50.4437964, -3.50821912 50.44535127, -3.50684663 50.44694297, -3.50400159 50.44697976, -3.50252925 50.44542484)))"
ARO-3366,"MultiPolygon (((-3.54438394 50.41969399, -3.54575444 50.41810184, -3.54859776 50.41806403, -3.55007076 50.41961837, -3.54870037 50.42121056, -3.54585686 50.42124838, -3.54438394 50.41969399)))"
ARL-3376,"MultiPolygon (((-3.55619989 50.38963132, -3.55756908 50.38803906, -3.56041056 50.38800097, -3.56188304 50.38955514, -3.56051395 50.39114745, -3.55767229 50.39118554, -3.55619989 50.38963132)))"
ASB-3357,"MultiPolygon (((-3.48987523 50.45030923, -3.49124838 50.44871772, -3.49409352 50.44868125, -3.49556568 50.45023628, -3.49419262 50.45182784, -3.4913473 50.45186431, -3.48987523 50.45030923)))"
ARQ-3358,"MultiPolygon (((-3.53666844 50.44497919, -3.53803991 50.44338714, -3.54088475 50.4433495, -3.54235831 50.44490392, -3.54098695 50.44649602, -3.53814192 50.44653366, -3.53666844 50.44497919)))"
ARR-3356,"MultiPolygon (((-3.53265518 50.45290178, -3.53402699 50.45130977, -3.53687231 50.45127223, -3.538346 50.4528267, -3.53697428 50.45441876, -3.53412877 50.4544563, -3.53265518 50.45290178)))"
ARM-3376,"MultiPolygon (((-3.5518861 50.38811503, -3.55325539 50.38652282, -3.55609679 50.38648483, -3.55756908 50.38803906, -3.55619989 50.38963132, -3.55335831 50.3896693, -3.5518861 50.38811503)))"
ARK-3353,"MultiPolygon (((-3.56279099 50.46037063, -3.56416201 50.4587783, -3.56700773 50.45874004, -3.56848263 50.46029409, -3.56711173 50.46188647, -3.56426581 50.46192472, -3.56279099 50.46037063)))"
ARW-3361,"MultiPolygon (((-3.51076345 50.43587468, -3.51213549 50.43428293, -3.51497974 50.43424596, -3.51645212 50.43580073, -3.51508018 50.43739252, -3.51223575 50.4374295, -3.51076345 50.43587468)))"
ASC-3360,"MultiPolygon (((-3.48526255 50.43935065, -3.48663555 50.4377592, -3.48948003 50.43772285, -3.49095171 50.43927794, -3.48957881 50.44086944, -3.48673414 50.4409058, -3.48526255 50.43935065)))"
AQZ-3361,"MultiPolygon (((-3.60894616 50.43613202, -3.61031499 50.43453908, -3.61315918 50.43449967, -3.61463473 50.43605319, -3.61326602 50.43764617, -3.61042163 50.43768559, -3.60894616 50.43613202)))"
ASB-3351,"MultiPolygon (((-3.49046849 50.46918876, -3.49184216 50.46759724, -3.49468842 50.46756075, -3.49616121 50.46911576, -3.49478764 50.47070733, -3.49194119 50.47074383, -3.49046849 50.46918876)))"
ASD-3355,"MultiPolygon (((-3.48153603 50.45671134, -3.48290966 50.45511992, -3.4857552 50.45508365, -3.48722729 50.45663878, -3.48585377 50.45823024, -3.48300805 50.45826652, -3.48153603 50.45671134)))"
AQZ-3365,"MultiPolygon (((-3.60851982 50.42354615, -3.60988822 50.42195328, -3.61273167 50.42191389, -3.61420689 50.42346738, -3.61283858 50.4250603, -3.60999496 50.42509969, -3.60851982 50.42354615)))"
ASD-3376,"MultiPolygon (((-3.47947513 50.39063281, -3.48084697 50.38904144, -3.48368859 50.38900521, -3.48515856 50.39056034, -3.48378682 50.39215176, -3.48094501 50.392188, -3.47947513 50.39063281)))"
ASF-3375,"MultiPolygon (((-3.47104734 50.39388759, -3.47241954 50.3922963, -3.47526136 50.39226027, -3.47673118 50.39381553, -3.47535907 50.39540686, -3.47251706 50.39544289, -3.47104734 50.39388759)))"
ASE-3365,"MultiPolygon (((-3.47623919 50.42372621, -3.47761206 50.42213486, -3.48045566 50.42209871, -3.48192657 50.42365391, -3.4805538 50.42524531, -3.47771002 50.42528146, -3.47623919 50.42372621)))"
ARC-3367,"MultiPolygon (((-3.59545939 50.41585629, -3.596828 50.41426357, -3.59967101 50.4142245, -3.6011456 50.41577814, -3.59977708 50.41737091, -3.59693388 50.41740999, -3.59545939 50.41585629)))"
ARN-3365,"MultiPolygon (((-3.548803 50.4243571, -3.55017348 50.4227649, -3.55301712 50.42272694, -3.55449045 50.42428119, -3.55312004 50.42587347, -3.55027622 50.42591142, -3.548803 50.4243571)))"
ARU-3349,"MultiPolygon (((-3.52050664 50.47352219, -3.52187947 50.47193032, -3.52472601 50.47189307, -3.52619994 50.47344769, -3.52482724 50.47503961, -3.5219805 50.47507686, -3.52050664 50.47352219)))"
ARR-3375,"MultiPolygon (((-3.5307265 50.3931174, -3.53209669 50.39152541, -3.53493841 50.39148795, -3.53641014 50.39304246, -3.53504003 50.39463451, -3.53219812 50.39467198, -3.5307265 50.3931174)))"
ARN-3343,"MultiPolygon (((-3.55106575 50.49357963, -3.5524381 50.49198743, -3.55528582 50.49194931, -3.55676139 50.4935034, -3.55538915 50.49509566, -3.55254124 50.49513377, -3.55106575 50.49357963)))"
ARN-3363,"MultiPolygon (((-3.54900832 50.43065013, -3.55037897 50.42905794, -3.55322298 50.42901998, -3.55469651 50.43057423, -3.55332594 50.4321665, -3.55048175 50.43220445, -3.54900832 50.43065013)))"
ARI-3373,"MultiPolygon (((-3.56924689 50.39732569, -3.57061585 50.39573328, -3.57345778 50.39569487, -3.57493092 50.39724887, -3.57356206 50.39884133, -3.57071995 50.39887974, -3.56924689 50.39732569)))"
ARP-3343,"MultiPolygon (((-3.5425222 50.49369333, -3.54389484 50.49210124, -3.54674261 50.49206338, -3.54821791 50.49361761, -3.54684538 50.49520974, -3.54399743 50.49524761, -3.5425222 50.49369333)))"
ARH-3369,"MultiPolygon (((-3.57397912 50.41142729, -3.57534839 50.40983478, -3.57819119 50.40979622, -3.57966494 50.41135015, -3.57829576 50.41294271, -3.57545275 50.4129813, -3.57397912 50.41142729)))"
ARW-3338,"MultiPolygon (((-3.51307197 50.50824534, -3.51444597 50.50665356, -3.51729456 50.50661648, -3.51876937 50.50817113, -3.51739542 50.50976297, -3.51454664 50.50980006, -3.51307197 50.50824534)))"
ART-3342,"MultiPolygon (((-3.52553636 50.49706522, -3.52690967 50.49547331, -3.52975763 50.49543592, -3.53123249 50.49699044, -3.52985929 50.4985824, -3.52701113 50.4986198, -3.52553636 50.49706522)))"
ARY-3375,"MultiPolygon (((-3.50083754 50.39193292, -3.50220869 50.3903413, -3.50505035 50.39030458, -3.50652104 50.39185946, -3.50514999 50.39345116, -3.50230816 50.39348788, -3.50083754 50.39193292)))"
ARS-3374,"MultiPolygon (((-3.5265143 50.39474669, -3.52788468 50.39315475, -3.5307265 50.3931174, -3.53219812 50.39467198, -3.53082784 50.39626396, -3.52798584 50.39630132, -3.5265143 50.39474669)))"
ARF-3362,"MultiPolygon (((-3.58324212 50.4333369, -3.58461171 50.43174428, -3.58745575 50.43170551, -3.58893043 50.43325934, -3.58756094 50.43485201, -3.5847167 50.43489079, -3.58324212 50.4333369)))"
ARP-3349,"MultiPolygon (((-3.54190761 50.47481462, -3.54327974 50.47322251, -3.54612637 50.47318473, -3.54760105 50.47473906, -3.54622903 50.47633122, -3.54338221 50.476369, -3.54190761 50.47481462)))"
ARV-3377,"MultiPolygon (((-3.51347512 50.38704738, -3.51484571 50.3854556, -3.51768707 50.38541855, -3.51915805 50.38697328, -3.51778754 50.3885651, -3.51494599 50.38860215, -3.51347512 50.38704738)))"
ARH-3357,"MultiPolygon (((-3.57523135 50.44918535, -3.57660167 50.44759281, -3.57944672 50.44755423, -3.58092162 50.44910817, -3.57955141 50.45070073, -3.57670619 50.45073932, -3.57523135 50.44918535)))"
AQZ-3364,"MultiPolygon (((-3.60862641 50.4266926, -3.60999496 50.42509969, -3.61283858 50.4250603, -3.61431385 50.42661382, -3.61294541 50.42820678, -3.61010159 50.42824618, -3.60862641 50.4266926)))"
ARV-3349,"MultiPolygon (((-3.51628696 50.47515116, -3.51765994 50.47355935, -3.52050664 50.47352219, -3.5219805 50.47507686, -3.52060759 50.47666873, -3.51776071 50.47670589, -3.51628696 50.47515116)))"
ARK-3344,"MultiPolygon (((-3.56372508 50.4886882, -3.56509686 50.48709584, -3.5679443 50.48705737, -3.5694201 50.48861135, -3.56804845 50.49020368, -3.56520083 50.49024216, -3.56372508 50.4886882)))"
ARJ-3363,"MultiPolygon (((-3.56607277 50.43042162, -3.56744285 50.42882921, -3.57028685 50.42879081, -3.57176092 50.43034483, -3.5703909 50.43193733, -3.56754671 50.43197574, -3.56607277 50.43042162)))"
ART-3345,"MultiPolygon (((-3.52523235 50.4876257, -3.5266054 50.48603378, -3.52945279 50.48599641, -3.53092733 50.48755095, -3.52955438 50.48914293, -3.5267068 50.4891803, -3.52523235 50.4876257)))"
ARK-3366,"MultiPolygon (((-3.56144464 50.41946606, -3.56281457 50.4178737, -3.56565785 50.41783547, -3.56713138 50.4193896, -3.56576155 50.42098201, -3.56291811 50.42102022, -3.56144464 50.41946606)))"
ART-3356,"MultiPolygon (((-3.52411901 50.45301385, -3.5254911 50.45142195, -3.52833641 50.45138462, -3.5298098 50.45293921, -3.52843781 50.45453116, -3.52559231 50.45456849, -3.52411901 50.45301385)))"
ARW-3364,"MultiPolygon (((-3.51046303 50.42643497, -3.51183481 50.42484322, -3.51467849 50.42480626, -3.51615057 50.42636103, -3.51477889 50.42795283, -3.51193502 50.4279898, -3.51046303 50.42643497)))"
ASB-3350,"MultiPolygon (((-3.49056743 50.47233534, -3.49194119 50.47074383, -3.49478764 50.47070733, -3.49626052 50.47226234, -3.49488687 50.47385391, -3.49204023 50.47389041, -3.49056743 50.47233534)))"
ARX-3336,"MultiPolygon (((-3.50904972 50.51616697, -3.51042409 50.51457527, -3.51327315 50.51453829, -3.51474803 50.51609302, -3.51337375 50.51768479, -3.51052451 50.51772176, -3.50904972 50.51616697)))"
ARS-3373,"MultiPolygon (((-3.52661537 50.39789325, -3.52798584 50.39630132, -3.53082784 50.39626396, -3.53229956 50.39781854, -3.53092919 50.39941053, -3.52808701 50.39944788, -3.52661537 50.39789325)))"
ARH-3364,"MultiPolygon (((-3.57450067 50.42715981, -3.5758704 50.42556728, -3.57871422 50.42552866, -3.58018846 50.42708258, -3.57881881 50.42867517, -3.57597483 50.42871378, -3.57450067 50.42715981)))"
ARJ-3368,"MultiPolygon (((-3.56555412 50.41468895, -3.56692379 50.41309654, -3.56976679 50.41305819, -3.57124032 50.41461225, -3.56987078 50.41620471, -3.56702759 50.41624306, -3.56555412 50.41468895)))"
ARL-3362,"MultiPolygon (((-3.55764382 50.4336827, -3.5590143 50.43209038, -3.56185847 50.43205221, -3.56333234 50.43360638, -3.56196198 50.43519874, -3.55911763 50.4352369, -3.55764382 50.4336827)))"
ARR-3345,"MultiPolygon (((-3.5337748 50.48751347, -3.53514756 50.48592144, -3.53799496 50.48588383, -3.53946978 50.48743823, -3.53809712 50.48903029, -3.53524954 50.48906793, -3.5337748 50.48751347)))"
ARI-3367,"MultiPolygon (((-3.56987078 50.41620471, -3.57124032 50.41461225, -3.5740834 50.4145738, -3.57555713 50.4161278, -3.57418768 50.41772032, -3.57134441 50.41775878, -3.56987078 50.41620471)))"
ARG-3357,"MultiPolygon (((-3.57944672 50.44755423, -3.58081684 50.44596166, -3.58366178 50.44592298, -3.58513677 50.44747686, -3.58376675 50.44906949, -3.58092162 50.44910817, -3.57944672 50.44755423)))"
ARY-3348,"MultiPolygon (((-3.50352663 50.47689054, -3.5049001 50.47529887, -3.50774685 50.47526204, -3.50922031 50.47681688, -3.50784697 50.47840859, -3.50500002 50.47844542, -3.50352663 50.47689054)))"
ARX-3375,"MultiPolygon (((-3.50514999 50.39345116, -3.50652104 50.39185946, -3.5093628 50.39182261, -3.51083368 50.39337746, -3.50946273 50.39496919, -3.5066208 50.39500604, -3.50514999 50.39345116)))"
ARS-3348,"MultiPolygon (((-3.5291481 50.47655686, -3.53052069 50.4749649, -3.53336741 50.47492744, -3.53484173 50.47648193, -3.53346923 50.47807395, -3.53062232 50.47811141, -3.5291481 50.47655686)))"
ARW-3374,"MultiPolygon (((-3.50946273 50.39496919, -3.51083368 50.39337746, -3.51367552 50.3933405, -3.51514659 50.39489529, -3.51377574 50.39648708, -3.51093372 50.39652403, -3.50946273 50.39496919)))"
ARF-3355,"MultiPolygon (((-3.58397684 50.4553623, -3.585347 50.45376974, -3.58819239 50.45373095, -3.58966781 50.45528472, -3.58829773 50.45687739, -3.58545216 50.45691618, -3.58397684 50.4553623)))"
ARW-3346,"MultiPolygon (((-3.51226794 50.48307303, -3.51364126 50.48148127, -3.51648833 50.48144423, -3.5179623 50.48299895, -3.51658905 50.48459077, -3.51374179 50.48462781, -3.51226794 50.48307303)))"
ARZ-3354,"MultiPolygon (((-3.49870915 50.45963944, -3.50008227 50.45804784, -3.50292798 50.45801114, -3.50440074 50.45956605, -3.50302771 50.46115771, -3.50018181 50.46119441, -3.49870915 50.45963944)))"
ARL-3371,"MultiPolygon (((-3.55671524 50.40536398, -3.55808492 50.40377167, -3.56092738 50.40373354, -3.56240038 50.40528769, -3.5610308 50.40688004, -3.55818813 50.40691819, -3.55671524 50.40536398)))"
ART-3378,"MultiPolygon (((-3.52189878 50.38378956, -3.523269 50.38219768, -3.52611018 50.38216042, -3.52758133 50.38371504, -3.52621119 50.38530698, -3.52336983 50.38534424, -3.52189878 50.38378956)))"
ARS-3344,"MultiPolygon (((-3.52955438 50.48914293, -3.53092733 50.48755095, -3.5337748 50.48751347, -3.53524954 50.48906793, -3.53387669 50.49065998, -3.53102902 50.49069747, -3.52955438 50.48914293)))"
ARS-3339,"MultiPolygon (((-3.53006265 50.50487526, -3.53143602 50.50328331, -3.53428446 50.50324576, -3.5357597 50.50480013, -3.53438644 50.50639218, -3.53153781 50.50642973, -3.53006265 50.50487526)))"
ARD-3369,"MultiPolygon (((-3.59103647 50.41119507, -3.5924051 50.4096024, -3.59524783 50.40956345, -3.59672212 50.41111715, -3.5953536 50.41270987, -3.59251068 50.41274883, -3.59103647 50.41119507)))"
ARE-3359,"MultiPolygon (((-3.58777129 50.44114507, -3.58914097 50.43955238, -3.59198551 50.43951347, -3.59346059 50.44106724, -3.592091 50.44265998, -3.58924626 50.44269889, -3.58777129 50.44114507)))"
ARJ-3347,"MultiPolygon (((-3.56773605 50.48076476, -3.56910745 50.47917243, -3.57195434 50.47913402, -3.57343002 50.48068795, -3.57205873 50.48228033, -3.56921165 50.48231874, -3.56773605 50.48076476)))"
ARP-3353,"MultiPolygon (((-3.54149825 50.46222859, -3.54287003 50.46063648, -3.5457159 50.46059873, -3.54719017 50.46215307, -3.54581849 50.46374523, -3.54297243 50.46378299, -3.54149825 50.46222859)))"
ARL-3353,"MultiPolygon (((-3.55857396 50.46200112, -3.55994516 50.46040883, -3.56279099 50.46037063, -3.56426581 50.46192472, -3.56289472 50.46351706, -3.56004869 50.46355527, -3.55857396 50.46200112)))"
ARJ-3365,"MultiPolygon (((-3.56586526 50.42412856, -3.56723517 50.42253615, -3.57007876 50.42249778, -3.57155262 50.42405182, -3.57018279 50.4256443, -3.56733899 50.42568269, -3.56586526 50.42412856)))"
ARG-3355,"MultiPolygon (((-3.57965617 50.45384714, -3.58102645 50.45225462, -3.58387177 50.45221593, -3.585347 50.45376974, -3.58397684 50.4553623, -3.58113132 50.45540101, -3.57965617 50.45384714)))"
ARE-3353,"MultiPolygon (((-3.58840307 50.46002381, -3.58977322 50.45843121, -3.59261886 50.45839231, -3.59409454 50.45994602, -3.59272451 50.46153867, -3.58987868 50.46157756, -3.58840307 50.46002381)))"
ARM-3350,"MultiPolygon (((-3.554563 50.46992443, -3.55593456 50.46833216, -3.55878087 50.46829403, -3.56025581 50.46984815, -3.55888435 50.47144046, -3.55603785 50.47147861, -3.554563 50.46992443)))"
ARE-3365,"MultiPolygon (((-3.58714033 50.42226596, -3.58850944 50.42067331, -3.59135286 50.42063444, -3.59282734 50.42218821, -3.59145831 50.42378092, -3.58861472 50.42381979, -3.58714033 50.42226596)))"
ARX-3354,"MultiPolygon (((-3.50724654 50.45952925, -3.50861938 50.45793754, -3.51146504 50.45790064, -3.51293807 50.45945544, -3.51156534 50.46104719, -3.50871949 50.4610841, -3.50724654 50.45952925)))"
ARR-3340,"MultiPolygon (((-3.53428446 50.50324576, -3.53565764 50.50165369, -3.53850598 50.50161595, -3.5399813 50.50317031, -3.53860821 50.50476241, -3.5357597 50.50480013, -3.53428446 50.50324576)))"
ARN-3352,"MultiPolygon (((-3.55013901 50.4652617, -3.55151059 50.46366948, -3.55435663 50.46363148, -3.55583128 50.46518569, -3.55445981 50.46677796, -3.55161358 50.46681597, -3.55013901 50.4652617)))"
ARP-3344,"MultiPolygon (((-3.54241973 50.49054693, -3.54379228 50.48895483, -3.54663985 50.48891701, -3.54811506 50.49047125, -3.54674261 50.49206338, -3.54389484 50.49210124, -3.54241973 50.49054693)))"
ARP-3352,"MultiPolygon (((-3.54160056 50.4653751, -3.54297243 50.46378299, -3.54581849 50.46374523, -3.54729287 50.46529957, -3.5459211 50.46689173, -3.54307485 50.4669295, -3.54160056 50.4653751)))"
ARU-3352,"MultiPolygon (((-3.52020388 50.46408257, -3.52157646 50.4624907, -3.52442243 50.46245347, -3.52589605 50.4640081, -3.52452361 50.46560001, -3.52167745 50.46563724, -3.52020388 50.46408257)))"
ARH-3366,"MultiPolygon (((-3.57429195 50.42086684, -3.57566146 50.41927434, -3.57850489 50.41923573, -3.579979 50.42078962, -3.57860955 50.42238219, -3.57576592 50.42242081, -3.57429195 50.42086684)))"
ARM-3357,"MultiPolygon (((-3.55384104 50.44789904, -3.55521201 50.44630678, -3.55805701 50.44626873, -3.55953123 50.44782292, -3.55816036 50.44941522, -3.55531517 50.44945328, -3.55384104 50.44789904)))"
ARG-3365,"MultiPolygon (((-3.57860955 50.42238219, -3.579979 50.42078962, -3.58282255 50.42075088, -3.58429682 50.42230473, -3.5829275 50.42389734, -3.58008376 50.42393608, -3.57860955 50.42238219)))"
ARL-3364,"MultiPolygon (((-3.55743739 50.42738964, -3.5588077 50.42579732, -3.56165151 50.42575915, -3.5631252 50.4273133, -3.561755 50.42890567, -3.558911 50.42894384, -3.55743739 50.42738964)))"
ARK-3371,"MultiPolygon (((-3.56092738 50.40373354, -3.56229686 50.40214119, -3.5651393 50.40210291, -3.56661242 50.40365699, -3.56524301 50.4052494, -3.56240038 50.40528769, -3.56092738 50.40373354)))"
ARY-3347,"MultiPolygon (((-3.50362646 50.48003709, -3.50500002 50.47844542, -3.50784697 50.47840859, -3.50932053 50.47996342, -3.50794709 50.48155513, -3.50509996 50.48159197, -3.50362646 50.48003709)))"
ART-3350,"MultiPolygon (((-3.52472601 50.47189307, -3.52609863 50.47030116, -3.52894507 50.47026381, -3.53041908 50.47181838, -3.52904657 50.47341034, -3.52619994 50.47344769, -3.52472601 50.47189307)))"
ARW-3341,"MultiPolygon (((-3.51277031 50.49880573, -3.51414407 50.49721396, -3.51699209 50.4971769, -3.51846657 50.4987316, -3.51709289 50.50032343, -3.51424468 50.50036049, -3.51277031 50.49880573)))"
ARH-3368,"MultiPolygon (((-3.5740834 50.4145738, -3.57545275 50.4129813, -3.57829576 50.41294271, -3.57976964 50.41449662, -3.57840036 50.4160892, -3.57555713 50.4161278, -3.5740834 50.4145738)))"
ARJ-3355,"MultiPolygon (((-3.56690376 50.45559356, -3.5682745 50.45400115, -3.57111993 50.45396275, -3.57259479 50.45551674, -3.57122415 50.45710923, -3.56837855 50.45714763, -3.56690376 50.45559356)))"
ASC-3342,"MultiPolygon (((-3.48703807 50.49598927, -3.48841261 50.4943978, -3.49126048 50.49436137, -3.49273401 50.49591642, -3.49135957 50.49750794, -3.4885115 50.49754437, -3.48703807 50.49598927)))"
ARX-3366,"MultiPolygon (((-3.50604761 50.42177036, -3.50741941 50.42017867, -3.51026282 50.42014181, -3.51173462 50.42169665, -3.51036292 50.42328839, -3.50751932 50.42332525, -3.50604761 50.42177036)))"
ASB-3361,"MultiPolygon (((-3.48948003 50.43772285, -3.49085284 50.43613135, -3.49369723 50.4360949, -3.495169 50.43764993, -3.49379628 50.43924148, -3.49095171 50.43927794, -3.48948003 50.43772285)))"
ARU-3343,"MultiPolygon (((-3.52111265 50.49240137, -3.52248599 50.4908095, -3.52533367 50.49077222, -3.52680823 50.49232682, -3.52543501 50.49391873, -3.52258713 50.49395601, -3.52111265 50.49240137)))"
ARY-3362,"MultiPolygon (((-3.5021308 50.4328385, -3.50350305 50.43124686, -3.50634712 50.4312101, -3.50781913 50.43276498, -3.50644699 50.43435667, -3.50360272 50.43439344, -3.5021308 50.4328385)))"
ARR-3357,"MultiPolygon (((-3.53255351 50.44975525, -3.53392524 50.44816325, -3.53677037 50.44812571, -3.53824394 50.44968018, -3.53687231 50.45127223, -3.53402699 50.45130977, -3.53255351 50.44975525)))"
ASE-3348,"MultiPolygon (((-3.47790505 50.47721848, -3.47927938 50.47562711, -3.48212614 50.47559092, -3.48359877 50.47714609, -3.48222455 50.47873751, -3.47937759 50.4787737, -3.47790505 50.47721848)))"
ARU-3371,"MultiPolygon (((-3.51829011 50.40429796, -3.51966106 50.40270612, -3.52250345 50.40266896, -3.52397511 50.40422364, -3.52260429 50.40581553, -3.51976171 50.40585269, -3.51829011 50.40429796)))"
ARU-3378,"MultiPolygon (((-3.51758663 50.38227199, -3.51895697 50.38068018, -3.52179805 50.38064302, -3.523269 50.38219768, -3.52189878 50.38378956, -3.5190575 50.38382672, -3.51758663 50.38227199)))"
ARV-3353,"MultiPolygon (((-3.51588442 50.46256498, -3.51725705 50.46097317, -3.520103 50.46093603, -3.52157646 50.4624907, -3.52020388 50.46408257, -3.51735776 50.46411972, -3.51588442 50.46256498)))"
ARL-3359,"MultiPolygon (((-3.55795368 50.44312223, -3.55932438 50.44152993, -3.56216909 50.44149177, -3.56364328 50.44304592, -3.56227269 50.44463827, -3.55942779 50.44467643, -3.55795368 50.44312223)))"
ARR-3351,"MultiPolygon (((-3.53316382 50.4686344, -3.53453607 50.46704239, -3.53738233 50.46700483, -3.53885654 50.46855928, -3.53748439 50.47015134, -3.53463793 50.47018891, -3.53316382 50.4686344)))"
ARU-3368,"MultiPolygon (((-3.51859184 50.41373767, -3.51996306 50.41214582, -3.52280602 50.41210866, -3.52427798 50.41366333, -3.5229069 50.41525522, -3.52006376 50.41529239, -3.51859184 50.41373767)))"
ARO-3357,"MultiPolygon (((-3.54530573 50.44801269, -3.54667699 50.44642053, -3.549522 50.44638269, -3.55099594 50.44793699, -3.54962478 50.44952919, -3.54677958 50.44956704, -3.54530573 50.44801269)))"
ASE-3359,"MultiPolygon (((-3.47682661 50.44260586, -3.47819999 50.4410145, -3.48104473 50.44097833, -3.48251626 50.44253352, -3.48114295 50.44412494, -3.47829803 50.44416111, -3.47682661 50.44260586)))"
ASD-3342,"MultiPolygon (((-3.48281535 50.49761702, -3.48419009 50.49602559, -3.48703807 50.49598927, -3.4885115 50.49754437, -3.48713687 50.49913585, -3.4842887 50.49917217, -3.48281535 50.49761702)))"
ARG-3347,"MultiPolygon (((-3.58049501 50.47901828, -3.58186595 50.47742571, -3.58471276 50.4773869, -3.58618879 50.47894071, -3.58481797 50.48053326, -3.58197099 50.48057206, -3.58049501 50.47901828)))"
ARN-3379,"MultiPolygon (((-3.54736757 50.38030557, -3.5487368 50.37871341, -3.55157773 50.37867555, -3.55304962 50.38022983, -3.5516805 50.38182204, -3.54883937 50.38185992, -3.54736757 50.38030557)))"
ASI-3364,"MultiPolygon (((-3.45927362 50.42708809, -3.46064717 50.42549693, -3.463491 50.42546119, -3.46496147 50.4270166, -3.46358803 50.42860781, -3.46074401 50.42864355, -3.45927362 50.42708809)))"
ASC-3372,"MultiPolygon (((-3.48408167 50.4015915, -3.48545366 50.40000006, -3.48829593 50.39996373, -3.4897664 50.40151884, -3.48839452 50.40311033, -3.48555206 50.40314666, -3.48408167 50.4015915)))"
ARU-3364,"MultiPolygon (((-3.51899441 50.42632395, -3.52036597 50.42473209, -3.52320968 50.42469491, -3.52468206 50.42624957, -3.52331065 50.42784147, -3.52046675 50.42787865, -3.51899441 50.42632395)))"
ARR-3359,"MultiPolygon (((-3.53235023 50.44346219, -3.53372178 50.4418702, -3.53656653 50.44183267, -3.53803991 50.44338714, -3.53666844 50.44497919, -3.5338235 50.44501672, -3.53235023 50.44346219)))"
ASG-3365,"MultiPolygon (((-3.46770807 50.42383414, -3.46908123 50.42224289, -3.47192485 50.42220695, -3.47339549 50.42376226, -3.47202243 50.42535356, -3.46917863 50.4253895, -3.46770807 50.42383414)))"
ASG-3351,"MultiPolygon (((-3.46907184 50.4678867, -3.4704462 50.46629544, -3.47329241 50.46625946, -3.47476446 50.46781475, -3.4733902 50.46940607, -3.4705438 50.46944204, -3.46907184 50.4678867)))"
ASE-3356,"MultiPolygon (((-3.47712055 50.45204568, -3.47849418 50.45045432, -3.48133947 50.45041814, -3.4828113 50.45197333, -3.48143774 50.45356474, -3.47859227 50.45360092, -3.47712055 50.45204568)))"
ARN-3371,"MultiPolygon (((-3.54818756 50.40547782, -3.54955752 50.40388564, -3.55239999 50.40384773, -3.55387267 50.40540202, -3.55250278 50.40699428, -3.54966011 50.4070322, -3.54818756 50.40547782)))"
ART-3380,"MultiPolygon (((-3.52169734 50.37749649, -3.52306739 50.37590462, -3.52590817 50.37586736, -3.5273791 50.37742197, -3.52600916 50.37901389, -3.52316819 50.37905115, -3.52169734 50.37749649)))"
ASD-3344,"MultiPolygon (((-3.48261834 50.49132386, -3.48399291 50.48973243, -3.48684051 50.48969612, -3.48831373 50.49125122, -3.48693928 50.4928427, -3.48409149 50.49287901, -3.48261834 50.49132386)))"
ASF-3362,"MultiPolygon (((-3.47231526 50.4347934, -3.47368858 50.43320209, -3.47653284 50.43316604, -3.47800396 50.43472129, -3.47663074 50.43631265, -3.4737863 50.4363487, -3.47231526 50.4347934)))"
ARV-3343,"MultiPolygon (((-3.51689131 50.49403037, -3.51826482 50.49243855, -3.52111265 50.49240137, -3.52258713 50.49395601, -3.5212137 50.49554788, -3.51836569 50.49558507, -3.51689131 50.49403037)))"
AQW-3363,"MultiPolygon (((-3.62147679 50.42808819, -3.62284493 50.42649514, -3.62568861 50.42645544, -3.62716434 50.42800879, -3.62579632 50.42960187, -3.62295245 50.42964158, -3.62147679 50.42808819)))"
ASG-3355,"MultiPolygon (((-3.46868189 50.45530025, -3.47005589 50.453709, -3.47290136 50.45367304, -3.474373 50.45522834, -3.4729991 50.45681964, -3.47015345 50.4568556, -3.46868189 50.45530025)))"
ARS-3361,"MultiPolygon (((-3.52782968 50.43565193, -3.52920116 50.43405998, -3.53204541 50.43402258, -3.53351838 50.43557712, -3.532147 50.43716912, -3.52930256 50.43720653, -3.52782968 50.43565193)))"
ARM-3360,"MultiPolygon (((-3.55353192 50.43845952, -3.55490264 50.43686727, -3.55774709 50.43682921, -3.559221 50.43838341, -3.55785037 50.43997572, -3.55500575 50.44001378, -3.55353192 50.43845952)))"
ARI-3372,"MultiPolygon (((-3.56935089 50.40047216, -3.57071995 50.39887974, -3.57356206 50.39884133, -3.57503531 50.40039532, -3.57366633 50.4019878, -3.57082402 50.40202622, -3.56935089 50.40047216)))"
ARF-3367,"MultiPolygon (((-3.58271769 50.41760438, -3.58408686 50.41601175, -3.58693001 50.41597299, -3.58840422 50.41752681, -3.58703515 50.41911948, -3.58419181 50.41915826, -3.58271769 50.41760438)))"
ARU-3342,"MultiPolygon (((-3.5212137 50.49554788, -3.52258713 50.49395601, -3.52543501 50.49391873, -3.52690967 50.49547331, -3.52553636 50.49706522, -3.52268829 50.49710251, -3.5212137 50.49554788)))"
ARD-3363,"MultiPolygon (((-3.59166909 50.43007398, -3.59303832 50.42848125, -3.59588226 50.42844221, -3.59735717 50.4299959, -3.59598804 50.43158867, -3.5931439 50.43162772, -3.59166909 50.43007398)))"
ARF-3365,"MultiPolygon (((-3.5829275 50.42389734, -3.58429682 50.42230473, -3.58714033 50.42226596, -3.58861472 50.42381979, -3.58724552 50.42541244, -3.58440184 50.4254512, -3.5829275 50.42389734)))"
ASC-3352,"MultiPolygon (((-3.48605098 50.46452343, -3.48742467 50.46293197, -3.49027066 50.46289558, -3.49174315 50.46445066, -3.49036957 50.46604217, -3.48752339 50.46607856, -3.48605098 50.46452343)))"
ARM-3372,"MultiPolygon (((-3.55229722 50.40070117, -3.55366692 50.39910892, -3.55650909 50.3990709, -3.55798175 50.40062514, -3.55661214 50.40221745, -3.55376978 50.40225547, -3.55229722 50.40070117)))"
ARH-3354,"MultiPolygon (((-3.5755448 50.45862476, -3.57691534 50.45703222, -3.57976095 50.45699361, -3.58123619 50.45854753, -3.57986574 50.46014007, -3.57701995 50.46017871, -3.5755448 50.45862476)))"
ARI-3360,"MultiPolygon (((-3.5705991 50.43823033, -3.57196929 50.43663784, -3.57481376 50.43659931, -3.57628822 50.43815327, -3.57491812 50.43974583, -3.57207348 50.43978435, -3.5705991 50.43823033)))"
ARV-3348,"MultiPolygon (((-3.51638764 50.4782977, -3.51776071 50.47670589, -3.52060759 50.47666873, -3.52208157 50.47822338, -3.52070857 50.47981525, -3.51786149 50.47985242, -3.51638764 50.4782977)))"
ARX-3374,"MultiPolygon (((-3.50524967 50.39659772, -3.5066208 50.39500604, -3.50946273 50.39496919, -3.51093372 50.39652403, -3.50956269 50.39811576, -3.50672057 50.39815261, -3.50524967 50.39659772)))"
ARZ-3351,"MultiPolygon (((-3.49900756 50.46907916, -3.50038094 50.46748755, -3.50322722 50.46745084, -3.5047003 50.46900574, -3.50332701 50.47059741, -3.50048053 50.47063412, -3.49900756 50.46907916)))"
ARX-3376,"MultiPolygon (((-3.50505035 50.39030458, -3.50642132 50.3887129, -3.50926288 50.38867606, -3.51073367 50.39023088, -3.5093628 50.39182261, -3.50652104 50.39185946, -3.50505035 50.39030458)))"
ARL-3352,"MultiPolygon (((-3.55867741 50.46514757, -3.56004869 50.46355527, -3.56289472 50.46351706, -3.56436964 50.46507115, -3.56299846 50.46666351, -3.56015225 50.46670173, -3.55867741 50.46514757)))"
ARU-3374,"MultiPolygon (((-3.51798852 50.39485823, -3.51935919 50.3932664, -3.52220103 50.39322925, -3.52367238 50.39478394, -3.52230181 50.39637582, -3.5194598 50.39641297, -3.51798852 50.39485823)))"
ARN-3349,"MultiPolygon (((-3.55044776 50.47470117, -3.5518196 50.47310894, -3.5546662 50.47307089, -3.55614115 50.47462508, -3.55476942 50.47621736, -3.55192263 50.47625542, -3.55044776 50.47470117)))"
ARJ-3366,"MultiPolygon (((-3.56576155 50.42098201, -3.56713138 50.4193896, -3.56997474 50.41935125, -3.57144848 50.42090531, -3.57007876 50.42249778, -3.56723517 50.42253615, -3.56576155 50.42098201)))"
ARY-3350,"MultiPolygon (((-3.50332701 50.47059741, -3.5047003 50.46900574, -3.50754668 50.46896892, -3.50901993 50.47052377, -3.50764676 50.47211548, -3.50480019 50.47215231, -3.50332701 50.47059741)))"
ART-3373,"MultiPolygon (((-3.52240262 50.3995224, -3.52377327 50.39793051, -3.52661537 50.39789325, -3.52808701 50.39944788, -3.52671646 50.40103982, -3.52387418 50.40107708, -3.52240262 50.3995224)))"
ARW-3354,"MultiPolygon (((-3.51146504 50.45790064, -3.51283769 50.45630888, -3.51568325 50.45627188, -3.51715637 50.45782663, -3.51578382 50.45941843, -3.51293807 50.45945544, -3.51146504 50.45790064)))"
ARN-3373,"MultiPolygon (((-3.54798254 50.39918473, -3.54935233 50.39759254, -3.55219444 50.39755463, -3.55366692 50.39910892, -3.55229722 50.40070117, -3.54945494 50.40073908, -3.54798254 50.39918473)))"
ARM-3353,"MultiPolygon (((-3.55425348 50.46048501, -3.55562478 50.45889275, -3.55847053 50.45885467, -3.55994516 50.46040883, -3.55857396 50.46200112, -3.55572802 50.46203922, -3.55425348 50.46048501)))"
ARE-3366,"MultiPolygon (((-3.58703515 50.41911948, -3.58840422 50.41752681, -3.59124745 50.41748794, -3.5927218 50.41904173, -3.59135286 50.42063444, -3.58850944 50.42067331, -3.58703515 50.41911948)))"
ARL-3345,"MultiPolygon (((-3.55940201 50.4871725, -3.56077389 50.4855802, -3.56362122 50.48554188, -3.56509686 50.48709584, -3.56372508 50.4886882, -3.56087756 50.48872653, -3.55940201 50.4871725)))"
ARK-3370,"MultiPolygon (((-3.5610308 50.40688004, -3.56240038 50.40528769, -3.56524301 50.4052494, -3.56671624 50.40680348, -3.56534674 50.40839589, -3.56250391 50.40843418, -3.5610308 50.40688004)))"
ARI-3354,"MultiPolygon (((-3.57122415 50.45710923, -3.57259479 50.45551674, -3.5754403 50.45547823, -3.57691534 50.45703222, -3.5755448 50.45862476, -3.57269912 50.45866326, -3.57122415 50.45710923)))"
ARM-3362,"MultiPolygon (((-3.55332594 50.4321665, -3.55469651 50.43057423, -3.5575406 50.43053617, -3.5590143 50.43209038, -3.55764382 50.4336827, -3.55479955 50.43372075, -3.55332594 50.4321665)))"
ARW-3345,"MultiPolygon (((-3.51236838 50.48621957, -3.51374179 50.48462781, -3.51658905 50.48459077, -3.51806312 50.48614548, -3.51668979 50.48773731, -3.51384233 50.48777435, -3.51236838 50.48621957)))"
ARQ-3346,"MultiPolygon (((-3.53789281 50.48273736, -3.5392653 50.48114529, -3.5421124 50.4811076, -3.54358721 50.48266198, -3.54221483 50.48425409, -3.53936753 50.48429178, -3.53789281 50.48273736)))"
ARL-3357,"MultiPolygon (((-3.55816036 50.44941522, -3.55953123 50.44782292, -3.56237631 50.44778476, -3.56385071 50.4493389, -3.56247995 50.45093125, -3.55963468 50.45096941, -3.55816036 50.44941522)))"
ARN-3356,"MultiPolygon (((-3.54972759 50.4526757, -3.55109883 50.45108349, -3.55394412 50.45104553, -3.55541836 50.45259978, -3.55404722 50.45419203, -3.55120175 50.45423, -3.54972759 50.4526757)))"
ARF-3357,"MultiPolygon (((-3.58376675 50.44906949, -3.58513677 50.44747686, -3.58798178 50.44743805, -3.58945696 50.44899189, -3.58808705 50.45058456, -3.58524185 50.45062336, -3.58376675 50.44906949)))"
ARL-3368,"MultiPolygon (((-3.55702465 50.41480355, -3.5583946 50.41321124, -3.56123766 50.41317307, -3.56271098 50.41472721, -3.56134115 50.41631956, -3.55849788 50.41635774, -3.55702465 50.41480355)))"
ARY-3377,"MultiPolygon (((-3.50063884 50.38563982, -3.50200981 50.3840482, -3.50485111 50.38401146, -3.50632161 50.38556635, -3.50495072 50.38715802, -3.50210925 50.38719476, -3.50063884 50.38563982)))"
ARD-3357,"MultiPolygon (((-3.59230206 50.44895297, -3.59367181 50.44736023, -3.59651683 50.4473212, -3.59799228 50.44887492, -3.59662263 50.45046771, -3.59377744 50.45050674, -3.59230206 50.44895297)))"
ARH-3362,"MultiPolygon (((-3.57470937 50.43345282, -3.57607928 50.43186028, -3.57892344 50.43182167, -3.58039788 50.4333756, -3.57902809 50.43496817, -3.57618375 50.43500677, -3.57470937 50.43345282)))"
ARL-3349,"MultiPolygon (((-3.55898784 50.47458692, -3.56035939 50.47299458, -3.56320597 50.47295632, -3.5646812 50.4745104, -3.56330975 50.47610277, -3.56046298 50.47614103, -3.55898784 50.47458692)))"
ARU-3353,"MultiPolygon (((-3.520103 50.46093603, -3.52147549 50.45934417, -3.52432127 50.45930694, -3.52579479 50.46086156, -3.52442243 50.46245347, -3.52157646 50.4624907, -3.520103 50.46093603)))"
ARJ-3364,"MultiPolygon (((-3.565969 50.42727509, -3.56733899 50.42568269, -3.57018279 50.4256443, -3.57165677 50.42719832, -3.57028685 50.42879081, -3.56744285 50.42882921, -3.565969 50.42727509)))"
ARE-3367,"MultiPolygon (((-3.58693001 50.41597299, -3.58829892 50.41438036, -3.59114196 50.4143415, -3.59261628 50.41589526, -3.59124745 50.41748794, -3.58840422 50.41752681, -3.58693001 50.41597299)))"
ARR-3350,"MultiPolygon (((-3.53326561 50.47178092, -3.53463793 50.47018891, -3.53748439 50.47015134, -3.5389587 50.47170579, -3.53758647 50.47329785, -3.53473982 50.47333542, -3.53326561 50.47178092)))"
ARR-3344,"MultiPolygon (((-3.53387669 50.49065998, -3.53524954 50.48906793, -3.53809712 50.48903029, -3.53957205 50.49058467, -3.53819931 50.49217673, -3.53535153 50.49221441, -3.53387669 50.49065998)))"
ARE-3363,"MultiPolygon (((-3.58735056 50.42855902, -3.58871991 50.42696633, -3.59156368 50.42692746, -3.59303832 50.42848125, -3.59166909 50.43007398, -3.58882512 50.43011286, -3.58735056 50.42855902)))"
ARI-3363,"MultiPolygon (((-3.57028685 50.42879081, -3.57165677 50.42719832, -3.57450067 50.42715981, -3.57597483 50.42871378, -3.57460501 50.43030631, -3.57176092 50.43034483, -3.57028685 50.42879081)))"
ARG-3366,"MultiPolygon (((-3.57850489 50.41923573, -3.57987433 50.41764311, -3.58271769 50.41760438, -3.58419181 50.41915826, -3.58282255 50.42075088, -3.579979 50.42078962, -3.57850489 50.41923573)))"
ARK-3345,"MultiPolygon (((-3.56362122 50.48554188, -3.56499292 50.48394952, -3.56784017 50.48391107, -3.56931587 50.48546505, -3.5679443 50.48705737, -3.56509686 50.48709584, -3.56362122 50.48554188)))"
ARJ-3372,"MultiPolygon (((-3.5651393 50.40210291, -3.56650864 50.40051048, -3.56935089 50.40047216, -3.57082402 50.40202622, -3.56945485 50.40361865, -3.56661242 50.40365699, -3.5651393 50.40210291)))"
ARW-3350,"MultiPolygon (((-3.51186635 50.47048685, -3.51323934 50.46889509, -3.51608566 50.46885807, -3.5175592 50.4704128, -3.5161863 50.47200462, -3.51333979 50.47204164, -3.51186635 50.47048685)))"
ARD-3368,"MultiPolygon (((-3.59114196 50.4143415, -3.59251068 50.41274883, -3.5953536 50.41270987, -3.596828 50.41426357, -3.59545939 50.41585629, -3.59261628 50.41589526, -3.59114196 50.4143415)))"
ARO-3347,"MultiPolygon (((-3.54633171 50.4794777, -3.54770381 50.47788554, -3.55055071 50.47784765, -3.55202569 50.47940188, -3.55065369 50.48099411, -3.5478066 50.48103202, -3.54633171 50.4794777)))"
ARH-3365,"MultiPolygon (((-3.57439632 50.42401332, -3.57576592 50.42242081, -3.57860955 50.42238219, -3.58008376 50.42393608, -3.57871422 50.42552866, -3.5758704 50.42556728, -3.57439632 50.42401332)))"
ARJ-3358,"MultiPolygon (((-3.56659197 50.44615414, -3.56796246 50.44456174, -3.57080736 50.44452333, -3.57228195 50.44607735, -3.57091154 50.44766982, -3.56806646 50.44770822, -3.56659197 50.44615414)))"
ARF-3358,"MultiPolygon (((-3.58366178 50.44592298, -3.5850317 50.44433036, -3.58787653 50.44429156, -3.58935161 50.44584537, -3.58798178 50.44743805, -3.58513677 50.44747686, -3.58366178 50.44592298)))"
ARX-3339,"MultiPolygon (((-3.50874879 50.50672749, -3.51012291 50.50513576, -3.5129714 50.5050988, -3.51444597 50.50665356, -3.51307197 50.50824534, -3.51022329 50.5082823, -3.50874879 50.50672749)))"
ARD-3365,"MultiPolygon (((-3.59145831 50.42378092, -3.59282734 50.42218821, -3.59567087 50.42214921, -3.59714557 50.4237029, -3.59577664 50.42529566, -3.5929329 50.42533468, -3.59145831 50.42378092)))"
ARY-3371,"MultiPolygon (((-3.50123521 50.40451923, -3.50260668 50.4029276, -3.50544905 50.40289087, -3.50692016 50.40444577, -3.50554878 50.40603745, -3.50270622 50.40607418, -3.50123521 50.40451923)))"
ASH-3365,"MultiPolygon (((-3.463491 50.42546119, -3.46486435 50.42386999, -3.46770807 50.42383414, -3.46917863 50.4253895, -3.46780538 50.42698075, -3.46496147 50.4270166, -3.463491 50.42546119)))"
ARQ-3367,"MultiPolygon (((-3.53575187 50.41666037, -3.53712258 50.41506832, -3.53996574 50.41503071, -3.54143838 50.41658516, -3.54006777 50.41817726, -3.53722443 50.41821486, -3.53575187 50.41666037)))"
ARB-3366,"MultiPolygon (((-3.5998831 50.42051736, -3.6012517 50.41892458, -3.60409495 50.41888542, -3.60556981 50.42043902, -3.60420131 50.42203184, -3.60135787 50.42207101, -3.5998831 50.42051736)))"
ART-3352,"MultiPolygon (((-3.52452361 50.46560001, -3.52589605 50.4640081, -3.52874211 50.46397076, -3.53021592 50.46552532, -3.52884358 50.46711728, -3.52599733 50.46715463, -3.52452361 50.46560001)))"
ARF-3360,"MultiPolygon (((-3.58345189 50.43962996, -3.58482169 50.43803732, -3.58766612 50.43799853, -3.58914097 50.43955238, -3.58777129 50.44114507, -3.58492666 50.44118387, -3.58345189 50.43962996)))"
ARL-3350,"MultiPolygon (((-3.55888435 50.47144046, -3.56025581 50.46984815, -3.5631022 50.46980992, -3.56457733 50.47136398, -3.56320597 50.47295632, -3.56035939 50.47299458, -3.55888435 50.47144046)))"
ARZ-3374,"MultiPolygon (((-3.49672356 50.39670773, -3.49809498 50.39511614, -3.50093694 50.3950795, -3.50240766 50.39663444, -3.50103636 50.39822606, -3.49819421 50.39826271, -3.49672356 50.39670773)))"
ARI-3355,"MultiPolygon (((-3.57111993 50.45396275, -3.57249048 50.45237031, -3.57533581 50.4523318, -3.57681075 50.45388574, -3.5754403 50.45547823, -3.57259479 50.45551674, -3.57111993 50.45396275)))"
ARW-3337,"MultiPolygon (((-3.51317255 50.51139181, -3.51454664 50.50980006, -3.51739542 50.50976297, -3.51887032 50.51131758, -3.51749629 50.51290944, -3.51464733 50.51294654, -3.51317255 50.51139181)))"
ARW-3336,"MultiPolygon (((-3.51327315 50.51453829, -3.51464733 50.51294654, -3.51749629 50.51290944, -3.51897129 50.51446407, -3.51759718 50.51605592, -3.51474803 50.51609302, -3.51327315 50.51453829)))"
ARG-3362,"MultiPolygon (((-3.57892344 50.43182167, -3.58029315 50.4302291, -3.58313721 50.43019039, -3.58461171 50.43174428, -3.58324212 50.4333369, -3.58039788 50.4333756, -3.57892344 50.43182167)))"
AQZ-3363,"MultiPolygon (((-3.60873298 50.42983907, -3.61010159 50.42824618, -3.61294541 50.42820678, -3.6144208 50.42976027, -3.6130523 50.43135322, -3.61020829 50.43139262, -3.60873298 50.42983907)))"
ARV-3341,"MultiPolygon (((-3.51709289 50.50032343, -3.51846657 50.4987316, -3.52131478 50.49869439, -3.52278947 50.50024901, -3.52141588 50.50184088, -3.51856748 50.50187811, -3.51709289 50.50032343)))"
ARV-3336,"MultiPolygon (((-3.51759718 50.51605592, -3.51897129 50.51446407, -3.5218204 50.51442677, -3.52329558 50.51598135, -3.52192155 50.51757329, -3.51907226 50.51761057, -3.51759718 50.51605592)))"
ARR-3378,"MultiPolygon (((-3.53042259 50.38367767, -3.53179251 50.38208569, -3.53463367 50.38204823, -3.5361051 50.38360274, -3.53473525 50.38519479, -3.5318939 50.38523225, -3.53042259 50.38367767)))"
ARK-3368,"MultiPolygon (((-3.56123766 50.41317307, -3.56260741 50.41158072, -3.5654504 50.41154244, -3.56692379 50.41309654, -3.56555412 50.41468895, -3.56271098 50.41472721, -3.56123766 50.41317307)))"
ARN-3354,"MultiPolygon (((-3.54993327 50.45896871, -3.55130468 50.4573765, -3.55415034 50.45733852, -3.55562478 50.45889275, -3.55425348 50.46048501, -3.55140763 50.46052299, -3.54993327 50.45896871)))"
ARI-3347,"MultiPolygon (((-3.57195434 50.47913402, -3.57332555 50.47754163, -3.57617234 50.47750312, -3.57764811 50.47905699, -3.576277 50.48064943, -3.57343002 50.48068795, -3.57195434 50.47913402)))"
ARR-3353,"MultiPolygon (((-3.53296032 50.46234136, -3.53433239 50.46074935, -3.53717827 50.4607118, -3.53865227 50.46226625, -3.5372803 50.46385831, -3.53443422 50.46389587, -3.53296032 50.46234136)))"
ASA-3372,"MultiPolygon (((-3.49260875 50.4014824, -3.49398045 50.39989085, -3.49682271 50.3998543, -3.49829345 50.40140929, -3.49692185 50.40300089, -3.49407941 50.40303745, -3.49260875 50.4014824)))"
ARM-3352,"MultiPolygon (((-3.55435663 50.46363148, -3.55572802 50.46203922, -3.55857396 50.46200112, -3.56004869 50.46355527, -3.55867741 50.46514757, -3.55583128 50.46518569, -3.55435663 50.46363148)))"
ARN-3353,"MultiPolygon (((-3.55003613 50.4621152, -3.55140763 50.46052299, -3.55425348 50.46048501, -3.55572802 50.46203922, -3.55435663 50.46363148, -3.55151059 50.46366948, -3.55003613 50.4621152)))"
ARW-3349,"MultiPolygon (((-3.51196672 50.47363341, -3.51333979 50.47204164, -3.5161863 50.47200462, -3.51765994 50.47355935, -3.51628696 50.47515116, -3.51344026 50.47518819, -3.51196672 50.47363341)))"
ARF-3356,"MultiPolygon (((-3.58387177 50.45221593, -3.58524185 50.45062336, -3.58808705 50.45058456, -3.58956236 50.45213833, -3.58819239 50.45373095, -3.585347 50.45376974, -3.58387177 50.45221593)))"
ARD-3360,"MultiPolygon (((-3.59198551 50.43951347, -3.59335503 50.43792072, -3.59619952 50.43788168, -3.59767469 50.43943539, -3.59630527 50.44102819, -3.59346059 50.44106724, -3.59198551 50.43951347)))"
ARK-3359,"MultiPolygon (((-3.56216909 50.44149177, -3.56353961 50.43989941, -3.5663842 50.43986116, -3.56785848 50.44141525, -3.56648806 50.44300766, -3.56364328 50.44304592, -3.56216909 50.44149177)))"
ARO-3349,"MultiPolygon (((-3.54612637 50.47318473, -3.54749831 50.47159257, -3.55034483 50.47155468, -3.5518196 50.47310894, -3.55044776 50.47470117, -3.54760105 50.47473906, -3.54612637 50.47318473)))"
ART-3347,"MultiPolygon (((-3.52502976 50.48133265, -3.52640263 50.47974074, -3.52924964 50.47970337, -3.53072398 50.48125792, -3.52935121 50.48284989, -3.52650401 50.48288725, -3.52502976 50.48133265)))"
ARM-3348,"MultiPolygon (((-3.55476942 50.47621736, -3.55614115 50.47462508, -3.55898784 50.47458692, -3.56046298 50.47614103, -3.55909135 50.47773335, -3.55624448 50.47777152, -3.55476942 50.47621736)))"
ARS-3375,"MultiPolygon (((-3.52641325 50.39160012, -3.52778354 50.39000818, -3.53062517 50.38997083, -3.53209669 50.39152541, -3.5307265 50.3931174, -3.52788468 50.39315475, -3.52641325 50.39160012)))"
ARQ-3352,"MultiPolygon (((-3.5372803 50.46385831, -3.53865227 50.46226625, -3.54149825 50.46222859, -3.54297243 50.46378299, -3.54160056 50.4653751, -3.5387544 50.46541277, -3.5372803 50.46385831)))"
ASB-3352,"MultiPolygon (((-3.49036957 50.46604217, -3.49174315 50.46445066, -3.49458923 50.46441417, -3.49606191 50.46596918, -3.49468842 50.46756075, -3.49184216 50.46759724, -3.49036957 50.46604217)))"
ARV-3345,"MultiPolygon (((-3.51668979 50.48773731, -3.51806312 50.48614548, -3.52091057 50.48610831, -3.52238486 50.48766297, -3.5210116 50.48925485, -3.51816396 50.48929202, -3.51668979 50.48773731)))"
ARJ-3357,"MultiPolygon (((-3.56669588 50.44930063, -3.56806646 50.44770822, -3.57091154 50.44766982, -3.5723862 50.44922385, -3.57101571 50.45081631, -3.56817047 50.4508547, -3.56669588 50.44930063)))"
ART-3355,"MultiPolygon (((-3.52422013 50.4561604, -3.52559231 50.45456849, -3.52843781 50.45453116, -3.5299113 50.45608574, -3.52853922 50.4576777, -3.52569354 50.45771503, -3.52422013 50.4561604)))"
ARY-3376,"MultiPolygon (((-3.50073818 50.38878637, -3.50210925 50.38719476, -3.50495072 50.38715802, -3.50642132 50.3887129, -3.50505035 50.39030458, -3.50220869 50.3903413, -3.50073818 50.38878637)))"
ARQ-3341,"MultiPolygon (((-3.53840374 50.49846955, -3.53977665 50.49687749, -3.5426247 50.49683971, -3.54410003 50.49839398, -3.54272722 50.49998609, -3.53987898 50.50002388, -3.53840374 50.49846955)))"
ARV-3373,"MultiPolygon (((-3.51387599 50.39963365, -3.51524691 50.39804186, -3.51808903 50.39800481, -3.51956042 50.39955955, -3.51818956 50.40115139, -3.51534726 50.40118844, -3.51387599 50.39963365)))"
ARU-3345,"MultiPolygon (((-3.52091057 50.48610831, -3.52228374 50.48451644, -3.52513105 50.48447917, -3.5266054 50.48603378, -3.52523235 50.4876257, -3.52238486 50.48766297, -3.52091057 50.48610831)))"
ARJ-3349,"MultiPolygon (((-3.56752787 50.47447211, -3.5688991 50.47287972, -3.57174562 50.47284132, -3.57322109 50.47439529, -3.57184997 50.47598771, -3.56900327 50.47602612, -3.56752787 50.47447211)))"
ARJ-3373,"MultiPolygon (((-3.56503563 50.3989564, -3.56640484 50.39736401, -3.56924689 50.39732569, -3.57071995 50.39887974, -3.56935089 50.40047216, -3.56650864 50.40051048, -3.56503563 50.3989564)))"
ARH-3355,"MultiPolygon (((-3.5754403 50.45547823, -3.57681075 50.45388574, -3.57965617 50.45384714, -3.58113132 50.45540101, -3.57976095 50.45699361, -3.57691534 50.45703222, -3.5754403 50.45547823)))"
ARY-3353,"MultiPolygon (((-3.50302771 50.46115771, -3.50440074 50.45956605, -3.50724654 50.45952925, -3.50871949 50.4610841, -3.50734657 50.46267581, -3.50450058 50.46271261, -3.50302771 50.46115771)))"
ARM-3356,"MultiPolygon (((-3.55394412 50.45104553, -3.55531517 50.44945328, -3.55816036 50.44941522, -3.55963468 50.45096941, -3.55826373 50.45256171, -3.55541836 50.45259978, -3.55394412 50.45104553)))"
ARM-3344,"MultiPolygon (((-3.55518251 50.48880297, -3.55655457 50.48721072, -3.55940201 50.4871725, -3.56087756 50.48872653, -3.5595056 50.49031883, -3.55665797 50.49035705, -3.55518251 50.48880297)))"
ARV-3351,"MultiPolygon (((-3.51608566 50.46885807, -3.51745847 50.46726626, -3.52030479 50.46722911, -3.52177845 50.46878378, -3.5204057 50.47037565, -3.5175592 50.4704128, -3.51608566 50.46885807)))"
ASG-3368,"MultiPolygon (((-3.46741623 50.41439431, -3.46878913 50.41280308, -3.47163218 50.41276715, -3.47310252 50.41432245, -3.47172973 50.41591373, -3.46888649 50.41594967, -3.46741623 50.41439431)))"
ARV-3354,"MultiPolygon (((-3.51578382 50.45941843, -3.51715637 50.45782663, -3.52000213 50.45778949, -3.52147549 50.45934417, -3.520103 50.46093603, -3.51725705 50.46097317, -3.51578382 50.45941843)))"
ARL-3356,"MultiPolygon (((-3.55826373 50.45256171, -3.55963468 50.45096941, -3.56247995 50.45093125, -3.56395446 50.45248537, -3.56258361 50.45407772, -3.55973816 50.45411589, -3.55826373 50.45256171)))"
ARJ-3359,"MultiPolygon (((-3.56648806 50.44300766, -3.56785848 50.44141525, -3.57070321 50.44137684, -3.57217769 50.44293086, -3.57080736 50.44452333, -3.56796246 50.44456174, -3.56648806 50.44300766)))"
ARB-3367,"MultiPolygon (((-3.59977708 50.41737091, -3.6011456 50.41577814, -3.60398867 50.41573898, -3.60546342 50.41729258, -3.60409495 50.41888542, -3.6012517 50.41892458, -3.59977708 50.41737091)))"
ARO-3350,"MultiPolygon (((-3.54602372 50.47003823, -3.54739558 50.46844607, -3.55024191 50.46840819, -3.55171658 50.46996246, -3.55034483 50.47155468, -3.54749831 50.47159257, -3.54602372 50.47003823)))"
ARW-3376,"MultiPolygon (((-3.50926288 50.38867606, -3.51063366 50.38708433, -3.51347512 50.38704738, -3.51494599 50.38860215, -3.51357531 50.39019393, -3.51073367 50.39023088, -3.50926288 50.38867606)))"
ARR-3376,"MultiPolygon (((-3.53062517 50.38997083, -3.53199529 50.38837883, -3.53483682 50.38834137, -3.53630844 50.38989589, -3.53493841 50.39148795, -3.53209669 50.39152541, -3.53062517 50.38997083)))"
ARB-3363,"MultiPolygon (((-3.6002012 50.42995676, -3.60157011 50.42836395, -3.60441394 50.42832476, -3.60588906 50.42987837, -3.60452027 50.43147122, -3.60167626 50.43151041, -3.6002012 50.42995676)))"
ARJ-3374,"MultiPolygon (((-3.56493195 50.39580991, -3.56630105 50.39421753, -3.5691429 50.39417922, -3.57061585 50.39573328, -3.56924689 50.39732569, -3.56640484 50.39736401, -3.56493195 50.39580991)))"
ARJ-3346,"MultiPolygon (((-3.56784017 50.48391107, -3.56921165 50.48231874, -3.57205873 50.48228033, -3.57353452 50.48383426, -3.57216313 50.48542664, -3.56931587 50.48546505, -3.56784017 50.48391107)))"
ART-3372,"MultiPolygon (((-3.52250345 50.40266896, -3.52387418 50.40107708, -3.52671646 50.40103982, -3.52818821 50.40259445, -3.52681758 50.40418638, -3.52397511 50.40422364, -3.52250345 50.40266896)))"
AQX-3364,"MultiPolygon (((-3.61715756 50.42657432, -3.6185258 50.42498133, -3.62136939 50.42494174, -3.62284493 50.42649514, -3.62147679 50.42808819, -3.61863301 50.42812779, -3.61715756 50.42657432)))"
ARF-3368,"MultiPolygon (((-3.58261278 50.41445791, -3.58398183 50.41286531, -3.58682479 50.41282655, -3.58829892 50.41438036, -3.58693001 50.41597299, -3.58408686 50.41601175, -3.58261278 50.41445791)))"
ARM-3343,"MultiPolygon (((-3.55528582 50.49194931, -3.55665797 50.49035705, -3.5595056 50.49031883, -3.56098125 50.49187285, -3.5596092 50.49346517, -3.55676139 50.4935034, -3.55528582 50.49194931)))"
ARE-3362,"MultiPolygon (((-3.58745575 50.43170551, -3.58882512 50.43011286, -3.59166909 50.43007398, -3.5931439 50.43162772, -3.59177459 50.43322045, -3.58893043 50.43325934, -3.58745575 50.43170551)))"
ARQ-3379,"MultiPolygon (((-3.53453205 50.37890168, -3.53590169 50.37730966, -3.53874255 50.37727212, -3.54021397 50.37882658, -3.53884444 50.38041865, -3.53600339 50.3804562, -3.53453205 50.37890168)))"
ARP-3348,"MultiPolygon (((-3.54201 50.47796112, -3.54338221 50.476369, -3.54622903 50.47633122, -3.54770381 50.47788554, -3.54633171 50.4794777, -3.5434847 50.47951549, -3.54201 50.47796112)))"
ARG-3364,"MultiPolygon (((-3.57871422 50.42552866, -3.58008376 50.42393608, -3.5829275 50.42389734, -3.58440184 50.4254512, -3.58303236 50.42704386, -3.58018846 50.42708258, -3.57871422 50.42552866)))"
ARM-3358,"MultiPolygon (((-3.55373798 50.44475254, -3.55510887 50.44316028, -3.55795368 50.44312223, -3.55942779 50.44467643, -3.55805701 50.44626873, -3.55521201 50.44630678, -3.55373798 50.44475254)))"
ARY-3354,"MultiPolygon (((-3.50292798 50.45801114, -3.50430093 50.45641948, -3.50714654 50.45638268, -3.50861938 50.45793754, -3.50724654 50.45952925, -3.50440074 50.45956605, -3.50292798 50.45801114)))"
ARL-3375,"MultiPolygon (((-3.55630297 50.39277783, -3.55767229 50.39118554, -3.56051395 50.39114745, -3.56198652 50.39270162, -3.5606173 50.39429396, -3.55777543 50.39433207, -3.55630297 50.39277783)))"
ARM-3361,"MultiPolygon (((-3.55342892 50.43531301, -3.55479955 50.43372075, -3.55764382 50.4336827, -3.55911763 50.4352369, -3.55774709 50.43682921, -3.55490264 50.43686727, -3.55342892 50.43531301)))"
ARK-3355,"MultiPolygon (((-3.56258361 50.45407772, -3.56395446 50.45248537, -3.56679981 50.4524471, -3.5682745 50.45400115, -3.56690376 50.45559356, -3.56405822 50.45563184, -3.56258361 50.45407772)))"
ARV-3372,"MultiPolygon (((-3.51397624 50.40278023, -3.51534726 50.40118844, -3.51818956 50.40115139, -3.51966106 50.40270612, -3.51829011 50.40429796, -3.51544761 50.40433502, -3.51397624 50.40278023)))"
ARO-3342,"MultiPolygon (((-3.54684538 50.49520974, -3.54821791 50.49361761, -3.55106575 50.49357963, -3.55254124 50.49513377, -3.55116881 50.49672597, -3.54832078 50.49676396, -3.54684538 50.49520974)))"
ARH-3370,"MultiPolygon (((-3.57387489 50.40828076, -3.57524403 50.40668828, -3.57808663 50.40664974, -3.57956027 50.40820366, -3.57819119 50.40979622, -3.57534839 50.40983478, -3.57387489 50.40828076)))"
ARW-3375,"MultiPolygon (((-3.5093628 50.39182261, -3.51073367 50.39023088, -3.51357531 50.39019393, -3.51504629 50.3917487, -3.51367552 50.3933405, -3.51083368 50.39337746, -3.5093628 50.39182261)))"
ARQ-3345,"MultiPolygon (((-3.53799496 50.48588383, -3.53936753 50.48429178, -3.54221483 50.48425409, -3.54368974 50.48580843, -3.54231727 50.48740051, -3.53946978 50.48743823, -3.53799496 50.48588383)))"
ARI-3346,"MultiPolygon (((-3.57205873 50.48228033, -3.57343002 50.48068795, -3.576277 50.48064943, -3.57775287 50.48220331, -3.57638168 50.48379575, -3.57353452 50.48383426, -3.57205873 50.48228033)))"
ARL-3347,"MultiPolygon (((-3.55919489 50.48087976, -3.5605666 50.47928744, -3.56341356 50.47924915, -3.56488899 50.48080316, -3.56351738 50.48239553, -3.56067024 50.48243383, -3.55919489 50.48087976)))"
ARK-3372,"MultiPolygon (((-3.56082401 50.40058701, -3.56219341 50.39899466, -3.56503563 50.3989564, -3.56650864 50.40051048, -3.5651393 50.40210291, -3.56229686 50.40214119, -3.56082401 50.40058701)))"
ARD-3366,"MultiPolygon (((-3.59135286 50.42063444, -3.5927218 50.41904173, -3.59556511 50.41900275, -3.59703969 50.42055646, -3.59567087 50.42214921, -3.59282734 50.42218821, -3.59135286 50.42063444)))"
ARZ-3373,"MultiPolygon (((-3.49682271 50.3998543, -3.49819421 50.39826271, -3.50103636 50.39822606, -3.50250717 50.39978101, -3.50113578 50.40137264, -3.49829345 50.40140929, -3.49682271 50.3998543)))"
ARW-3377,"MultiPolygon (((-3.50916298 50.3855295, -3.51053367 50.38393777, -3.51337494 50.38390081, -3.51484571 50.3854556, -3.51347512 50.38704738, -3.51063366 50.38708433, -3.50916298 50.3855295)))"
ARM-3373,"MultiPolygon (((-3.55219444 50.39755463, -3.55356404 50.39596237, -3.55640602 50.39592437, -3.55787858 50.3974786, -3.55650909 50.3990709, -3.55366692 50.39910892, -3.55219444 50.39755463)))"
ARI-3370,"MultiPolygon (((-3.56955886 50.40676514, -3.5709281 50.40517271, -3.5737706 50.40513428, -3.57524403 50.40668828, -3.57387489 50.40828076, -3.57103221 50.40831919, -3.56955886 50.40676514)))"
ARJ-3371,"MultiPolygon (((-3.56524301 50.4052494, -3.56661242 50.40365699, -3.56945485 50.40361865, -3.5709281 50.40517271, -3.56955886 50.40676514, -3.56671624 50.40680348, -3.56524301 50.4052494)))"
ARU-3341,"MultiPolygon (((-3.52131478 50.49869439, -3.52268829 50.49710251, -3.52553636 50.49706522, -3.52701113 50.4986198, -3.52563773 50.50021171, -3.52278947 50.50024901, -3.52131478 50.49869439)))"
ARE-3358,"MultiPolygon (((-3.58787653 50.44429156, -3.58924626 50.44269889, -3.592091 50.44265998, -3.59356619 50.44421373, -3.59219653 50.44580646, -3.58935161 50.44584537, -3.58787653 50.44429156)))"
ARM-3346,"MultiPolygon (((-3.55497593 50.48251024, -3.55634783 50.48091795, -3.55919489 50.48087976, -3.56067024 50.48243383, -3.55929844 50.48402617, -3.55645119 50.48406439, -3.55497593 50.48251024)))"
ARK-3360,"MultiPolygon (((-3.56206552 50.43834526, -3.56343596 50.4367529, -3.56628036 50.43671466, -3.56775454 50.43826875, -3.5663842 50.43986116, -3.56353961 50.43989941, -3.56206552 50.43834526)))"
ARW-3340,"MultiPolygon (((-3.51287085 50.50195227, -3.51424468 50.50036049, -3.51709289 50.50032343, -3.51856748 50.50187811, -3.51719372 50.50346996, -3.51434532 50.50350703, -3.51287085 50.50195227)))"
ARU-3377,"MultiPolygon (((-3.51768707 50.38541855, -3.5190575 50.38382672, -3.52189878 50.38378956, -3.52336983 50.38534424, -3.52199951 50.38693613, -3.51915805 50.38697328, -3.51768707 50.38541855)))"
ARQ-3343,"MultiPolygon (((-3.53819931 50.49217673, -3.53957205 50.49058467, -3.54241973 50.49054693, -3.54389484 50.49210124, -3.5425222 50.49369333, -3.53967434 50.49373109, -3.53819931 50.49217673)))"
ARK-3369,"MultiPolygon (((-3.56113421 50.41002657, -3.56250391 50.40843418, -3.56534674 50.40839589, -3.56682001 50.40995, -3.5654504 50.41154244, -3.56260741 50.41158072, -3.56113421 50.41002657)))"
ARO-3352,"MultiPolygon (((-3.54581849 50.46374523, -3.54719017 50.46215307, -3.55003613 50.4621152, -3.55151059 50.46366948, -3.55013901 50.4652617, -3.54729287 50.46529957, -3.54581849 50.46374523)))"
ARN-3355,"MultiPolygon (((-3.54983042 50.4558222, -3.55120175 50.45423, -3.55404722 50.45419203, -3.55552156 50.45574627, -3.55415034 50.45733852, -3.55130468 50.4573765, -3.54983042 50.4558222)))"
ARS-3352,"MultiPolygon (((-3.52874211 50.46397076, -3.53011436 50.4623788, -3.53296032 50.46234136, -3.53443422 50.46389587, -3.53306206 50.46548788, -3.53021592 50.46552532, -3.52874211 50.46397076)))"
ARG-3359,"MultiPolygon (((-3.57923734 50.44126123, -3.58060732 50.43966864, -3.58345189 50.43962996, -3.58492666 50.44118387, -3.5835568 50.44277649, -3.58071205 50.44281517, -3.57923734 50.44126123)))"
ARC-3357,"MultiPolygon (((-3.59651683 50.4473212, -3.5978864 50.4457284, -3.60073132 50.44568927, -3.60220683 50.44724294, -3.60083737 50.44883579, -3.59799228 50.44887492, -3.59651683 50.4473212)))"
ARV-3366,"MultiPolygon (((-3.51457811 50.42165969, -3.51594963 50.42006789, -3.51879309 50.42003081, -3.52026521 50.42158553, -3.51889374 50.42317738, -3.51605009 50.42321446, -3.51457811 50.42165969)))"
ARZ-3371,"MultiPolygon (((-3.49702102 50.40614747, -3.4983927 50.40455588, -3.50123521 50.40451923, -3.50270622 50.40607418, -3.50133466 50.4076658, -3.49849196 50.40770245, -3.49702102 50.40614747)))"
ART-3358,"MultiPolygon (((-3.52391681 50.44672077, -3.52528874 50.44512887, -3.52813366 50.44509155, -3.52960685 50.44664614, -3.52823502 50.44823809, -3.52538991 50.44827541, -3.52391681 50.44672077)))"
ASA-3344,"MultiPolygon (((-3.49538327 50.48958676, -3.49675736 50.48799518, -3.49960484 50.48795856, -3.50107843 50.48951349, -3.49970444 50.49110511, -3.49685677 50.49114175, -3.49538327 50.48958676)))"
ASF-3363,"MultiPolygon (((-3.47221763 50.43164678, -3.47359086 50.43005548, -3.47643493 50.43001943, -3.47790596 50.43157468, -3.47653284 50.43316604, -3.47368858 50.43320209, -3.47221763 50.43164678)))"
ARY-3336,"MultiPolygon (((-3.50472583 50.51464908, -3.50610034 50.5130574, -3.50894939 50.51302049, -3.51042409 50.51457527, -3.50904972 50.51616697, -3.50620048 50.5162039, -3.50472583 50.51464908)))"
ASB-3365,"MultiPolygon (((-3.48908507 50.42513648, -3.49045754 50.42354498, -3.49330119 50.42350853, -3.49477256 50.42506358, -3.49340017 50.42665513, -3.49055634 50.42669158, -3.48908507 50.42513648)))"
ARZ-3348,"MultiPolygon (((-3.49930613 50.47851888, -3.50067977 50.47692726, -3.50352663 50.47689054, -3.50500002 50.47844542, -3.50362646 50.48003709, -3.50077941 50.48007382, -3.49930613 50.47851888)))"
ARN-3345,"MultiPolygon (((-3.55085968 50.48728694, -3.55223186 50.48569475, -3.55507921 50.48565664, -3.55655457 50.48721072, -3.55518251 50.48880297, -3.55233497 50.48884109, -3.55085968 50.48728694)))"
ARQ-3348,"MultiPolygon (((-3.53768856 50.47644436, -3.53906088 50.4748523, -3.54190761 50.47481462, -3.54338221 50.476369, -3.54201 50.47796112, -3.53916308 50.4779988, -3.53768856 50.47644436)))"
ARW-3339,"MultiPolygon (((-3.5129714 50.5050988, -3.51434532 50.50350703, -3.51719372 50.50346996, -3.51866842 50.50502462, -3.51729456 50.50661648, -3.51444597 50.50665356, -3.5129714 50.5050988)))"
ARE-3368,"MultiPolygon (((-3.58682479 50.41282655, -3.58819362 50.41123393, -3.59103647 50.41119507, -3.59251068 50.41274883, -3.59114196 50.4143415, -3.58829892 50.41438036, -3.58682479 50.41282655)))"
ARS-3353,"MultiPolygon (((-3.52864066 50.46082423, -3.53001282 50.45923227, -3.53285859 50.45919483, -3.53433239 50.46074935, -3.53296032 50.46234136, -3.53011436 50.4623788, -3.52864066 50.46082423)))"
ARS-3379,"MultiPolygon (((-3.52600916 50.37901389, -3.5273791 50.37742197, -3.53021996 50.3773846, -3.5316911 50.37893916, -3.53032127 50.38053114, -3.5274802 50.3805685, -3.52600916 50.37901389)))"
ARJ-3348,"MultiPolygon (((-3.56763195 50.47761845, -3.56900327 50.47602612, -3.57184997 50.47598771, -3.57332555 50.47754163, -3.57195434 50.47913402, -3.56910745 50.47917243, -3.56763195 50.47761845)))"
ARO-3355,"MultiPolygon (((-3.54551078 50.45430571, -3.5468822 50.45271355, -3.54972759 50.4526757, -3.55120175 50.45423, -3.54983042 50.4558222, -3.54698484 50.45586006, -3.54551078 50.45430571)))"
ARN-3348,"MultiPolygon (((-3.55055071 50.47784765, -3.55192263 50.47625542, -3.55476942 50.47621736, -3.55624448 50.47777152, -3.55487267 50.4793638, -3.55202569 50.47940188, -3.55055071 50.47784765)))"
ARI-3374,"MultiPolygon (((-3.5691429 50.39417922, -3.57051178 50.39258681, -3.57335351 50.39254841, -3.57482656 50.39410241, -3.57345778 50.39569487, -3.57061585 50.39573328, -3.5691429 50.39417922)))"
ARY-3373,"MultiPolygon (((-3.50103636 50.39822606, -3.50240766 50.39663444, -3.50524967 50.39659772, -3.50672057 50.39815261, -3.50534936 50.39974429, -3.50250717 50.39978101, -3.50103636 50.39822606)))"
ARW-3373,"MultiPolygon (((-3.50956269 50.39811576, -3.51093372 50.39652403, -3.51377574 50.39648708, -3.51524691 50.39804186, -3.51387599 50.39963365, -3.51103378 50.3996706, -3.50956269 50.39811576)))"
ARQ-3350,"MultiPolygon (((-3.53748439 50.47015134, -3.53885654 50.46855928, -3.54170289 50.46852161, -3.54317729 50.470076, -3.54180524 50.47166812, -3.5389587 50.47170579, -3.53748439 50.47015134)))"
ARP-3350,"MultiPolygon (((-3.54180524 50.47166812, -3.54317729 50.470076, -3.54602372 50.47003823, -3.54749831 50.47159257, -3.54612637 50.47318473, -3.54327974 50.47322251, -3.54180524 50.47166812)))"
ARF-3361,"MultiPolygon (((-3.58334701 50.43648342, -3.5847167 50.43489079, -3.58756094 50.43485201, -3.5890357 50.43640585, -3.58766612 50.43799853, -3.58482169 50.43803732, -3.58334701 50.43648342)))"
ARX-3348,"MultiPolygon (((-3.50784697 50.47840859, -3.50922031 50.47681688, -3.51206711 50.47677995, -3.51354075 50.47833473, -3.51216751 50.47992649, -3.50932053 50.47996342, -3.50784697 50.47840859)))"
ART-3376,"MultiPolygon (((-3.52210026 50.39008268, -3.52347066 50.38849081, -3.52631221 50.38845355, -3.52778354 50.39000818, -3.52641325 50.39160012, -3.52357151 50.39163737, -3.52210026 50.39008268)))"
ART-3344,"MultiPolygon (((-3.52533367 50.49077222, -3.5267068 50.4891803, -3.52955438 50.48914293, -3.53102902 50.49069747, -3.529656 50.49228944, -3.52680823 50.49232682, -3.52533367 50.49077222)))"
ARL-3343,"MultiPolygon (((-3.5596092 50.49346517, -3.56098125 50.49187285, -3.56382896 50.49183452, -3.5653048 50.4933885, -3.56393284 50.4949809, -3.56108495 50.49501922, -3.5596092 50.49346517)))"
ARM-3349,"MultiPolygon (((-3.5546662 50.47307089, -3.55603785 50.47147861, -3.55888435 50.47144046, -3.56035939 50.47299458, -3.55898784 50.47458692, -3.55614115 50.47462508, -3.5546662 50.47307089)))"
ARV-3339,"MultiPolygon (((-3.51729456 50.50661648, -3.51866842 50.50502462, -3.521517 50.50498735, -3.5229919 50.50654191, -3.52161813 50.50813381, -3.51876937 50.50817113, -3.51729456 50.50661648)))"
ARW-3355,"MultiPolygon (((-3.51136476 50.45475408, -3.51273732 50.45316232, -3.5155827 50.45312532, -3.51705572 50.45468007, -3.51568325 50.45627188, -3.51283769 50.45630888, -3.51136476 50.45475408)))"
ARZ-3350,"MultiPolygon (((-3.49910706 50.47222574, -3.50048053 50.47063412, -3.50332701 50.47059741, -3.50480019 50.47215231, -3.50342681 50.47374397, -3.50058014 50.47378069, -3.49910706 50.47222574)))"
ARG-3368,"MultiPolygon (((-3.57829576 50.41294271, -3.57966494 50.41135015, -3.58250786 50.41131146, -3.58398183 50.41286531, -3.58261278 50.41445791, -3.57976964 50.41449662, -3.57829576 50.41294271)))"
ARR-3343,"MultiPolygon (((-3.5339786 50.49380646, -3.53535153 50.49221441, -3.53819931 50.49217673, -3.53967434 50.49373109, -3.53830152 50.49532315, -3.53545355 50.49536085, -3.5339786 50.49380646)))"
ART-3341,"MultiPolygon (((-3.52563773 50.50021171, -3.52701113 50.4986198, -3.52985929 50.4985824, -3.53133425 50.50013691, -3.52996096 50.50172884, -3.52711261 50.50176625, -3.52563773 50.50021171)))"
ARF-3354,"MultiPolygon (((-3.5840819 50.4585088, -3.58545216 50.45691618, -3.58829773 50.45687739, -3.58977322 50.45843121, -3.58840307 50.46002381, -3.58555732 50.46006261, -3.5840819 50.4585088)))"
ARM-3354,"MultiPolygon (((-3.55415034 50.45733852, -3.55552156 50.45574627, -3.55836712 50.45570819, -3.55984165 50.45726237, -3.55847053 50.45885467, -3.55562478 50.45889275, -3.55415034 50.45733852)))"
ARV-3376,"MultiPolygon (((-3.51357531 50.39019393, -3.51494599 50.38860215, -3.51778754 50.3885651, -3.51925862 50.39011983, -3.51788803 50.39171165, -3.51504629 50.3917487, -3.51357531 50.39019393)))"
ARO-3351,"MultiPolygon (((-3.5459211 50.46689173, -3.54729287 50.46529957, -3.55013901 50.4652617, -3.55161358 50.46681597, -3.55024191 50.46840819, -3.54739558 50.46844607, -3.5459211 50.46689173)))"
ARQ-3340,"MultiPolygon (((-3.53850598 50.50161595, -3.53987898 50.50002388, -3.54272722 50.49998609, -3.54420263 50.50154038, -3.54282972 50.50313252, -3.5399813 50.50317031, -3.53850598 50.50161595)))"
ARR-3346,"MultiPolygon (((-3.53367293 50.48436696, -3.53504561 50.48277494, -3.53789281 50.48273736, -3.53936753 50.48429178, -3.53799496 50.48588383, -3.53514756 50.48592144, -3.53367293 50.48436696)))"
ARL-3354,"MultiPolygon (((-3.55847053 50.45885467, -3.55984165 50.45726237, -3.56268729 50.45722419, -3.56416201 50.4587783, -3.56279099 50.46037063, -3.55994516 50.46040883, -3.55847053 50.45885467)))"
ARW-3348,"MultiPolygon (((-3.51206711 50.47677995, -3.51344026 50.47518819, -3.51628696 50.47515116, -3.51776071 50.47670589, -3.51638764 50.4782977, -3.51354075 50.47833473, -3.51206711 50.47677995)))"
ARI-3358,"MultiPolygon (((-3.57080736 50.44452333, -3.57217769 50.44293086, -3.57502249 50.44289235, -3.57649716 50.44444631, -3.57512693 50.44603884, -3.57228195 50.44607735, -3.57080736 50.44452333)))"
ARL-3372,"MultiPolygon (((-3.55661214 50.40221745, -3.55798175 50.40062514, -3.56082401 50.40058701, -3.56229686 50.40214119, -3.56092738 50.40373354, -3.55808492 50.40377167, -3.55661214 50.40221745)))"
ARL-3361,"MultiPolygon (((-3.55774709 50.43682921, -3.55911763 50.4352369, -3.56196198 50.43519874, -3.56343596 50.4367529, -3.56206552 50.43834526, -3.559221 50.43838341, -3.55774709 50.43682921)))"
ART-3346,"MultiPolygon (((-3.52513105 50.48447917, -3.52650401 50.48288725, -3.52935121 50.48284989, -3.53082565 50.48440444, -3.52945279 50.48599641, -3.5266054 50.48603378, -3.52513105 50.48447917)))"
ARP-3355,"MultiPolygon (((-3.54129367 50.45593557, -3.54266528 50.45434346, -3.54551078 50.45430571, -3.54698484 50.45586006, -3.54561333 50.45745222, -3.54276765 50.45748997, -3.54129367 50.45593557)))"
ARZ-3353,"MultiPolygon (((-3.4988086 50.46278602, -3.50018181 50.46119441, -3.50302771 50.46115771, -3.50450058 50.46271261, -3.50312745 50.46430428, -3.50028136 50.46434098, -3.4988086 50.46278602)))"
ART-3375,"MultiPolygon (((-3.52220103 50.39322925, -3.52357151 50.39163737, -3.52641325 50.39160012, -3.52788468 50.39315475, -3.5265143 50.39474669, -3.52367238 50.39478394, -3.52220103 50.39322925)))"
ARU-3344,"MultiPolygon (((-3.5210116 50.48925485, -3.52238486 50.48766297, -3.52523235 50.4876257, -3.5267068 50.4891803, -3.52533367 50.49077222, -3.52248599 50.4908095, -3.5210116 50.48925485)))"
ARM-3363,"MultiPolygon (((-3.55322298 50.42901998, -3.55459347 50.42742771, -3.55743739 50.42738964, -3.558911 50.42894384, -3.5575406 50.43053617, -3.55469651 50.43057423, -3.55322298 50.42901998)))"
ART-3374,"MultiPolygon (((-3.52230181 50.39637582, -3.52367238 50.39478394, -3.5265143 50.39474669, -3.52798584 50.39630132, -3.52661537 50.39789325, -3.52377327 50.39793051, -3.52230181 50.39637582)))"
ARF-3366,"MultiPolygon (((-3.58282255 50.42075088, -3.58419181 50.41915826, -3.58703515 50.41911948, -3.58850944 50.42067331, -3.58714033 50.42226596, -3.58429682 50.42230473, -3.58282255 50.42075088)))"
ASC-3349,"MultiPolygon (((-3.48634693 50.47396321, -3.48772087 50.47237174, -3.49056743 50.47233534, -3.49204023 50.47389041, -3.49066639 50.47548193, -3.48781964 50.47551833, -3.48634693 50.47396321)))"
ARY-3341,"MultiPolygon (((-3.50422584 50.49891641, -3.50559992 50.49732472, -3.50844801 50.49728786, -3.5099222 50.49884268, -3.50854825 50.50043441, -3.50569997 50.50047127, -3.50422584 50.49891641)))"
AQY-3358,"MultiPolygon (((-3.6134798 50.44393913, -3.61484869 50.44234613, -3.61769335 50.4423066, -3.6191693 50.44386006, -3.61780051 50.44545311, -3.61495566 50.44549264, -3.6134798 50.44393913)))"
ASB-3367,"MultiPolygon (((-3.48888768 50.41884328, -3.49025998 50.41725178, -3.49310326 50.41721534, -3.49457443 50.41877038, -3.49320221 50.42036194, -3.49035875 50.42039839, -3.48888768 50.41884328)))"
ARP-3360,"MultiPolygon (((-3.54078256 50.44020298, -3.54215375 50.43861088, -3.5449983 50.43857315, -3.54647185 50.44012751, -3.54510076 50.44171966, -3.54225603 50.4417574, -3.54078256 50.44020298)))"
ARW-3342,"MultiPolygon (((-3.5126698 50.49565919, -3.51404347 50.49406742, -3.51689131 50.49403037, -3.51836569 50.49558507, -3.51699209 50.4971769, -3.51414407 50.49721396, -3.5126698 50.49565919)))"
ARI-3350,"MultiPolygon (((-3.57164129 50.46969494, -3.57301225 50.46810252, -3.57585848 50.46806401, -3.57733393 50.46961793, -3.57596308 50.4712104, -3.57311666 50.47124891, -3.57164129 50.46969494)))"
ASI-3365,"MultiPolygon (((-3.45917688 50.42394147, -3.46055033 50.42235033, -3.46339397 50.42231459, -3.46486435 50.42386999, -3.463491 50.42546119, -3.46064717 50.42549693, -3.45917688 50.42394147)))"
ARI-3362,"MultiPolygon (((-3.5703909 50.43193733, -3.57176092 50.43034483, -3.57460501 50.43030631, -3.57607928 50.43186028, -3.57470937 50.43345282, -3.57186508 50.43349135, -3.5703909 50.43193733)))"
ARX-3351,"MultiPolygon (((-3.50754668 50.46896892, -3.50891977 50.46737721, -3.511766 50.4673403, -3.51323934 50.46889509, -3.51186635 50.47048685, -3.50901993 50.47052377, -3.50754668 50.46896892)))"
ASI-3361,"MultiPolygon (((-3.45956396 50.43652794, -3.46093776 50.43493679, -3.46378215 50.43490104, -3.46525293 50.43645645, -3.46387923 50.43804766, -3.46103466 50.43808341, -3.45956396 50.43652794)))"
ASE-3344,"MultiPolygon (((-3.47829768 50.48980485, -3.47967235 50.48821348, -3.48251987 50.48817727, -3.48399291 50.48973243, -3.48261834 50.49132386, -3.47977063 50.49136006, -3.47829768 50.48980485)))"
ARY-3335,"MultiPolygon (((-3.50482587 50.5177956, -3.50620048 50.5162039, -3.50904972 50.51616697, -3.51052451 50.51772176, -3.50915003 50.51931348, -3.50630061 50.51935042, -3.50482587 50.5177956)))"
ASH-3353,"MultiPolygon (((-3.46465648 50.46322058, -3.46603087 50.46162935, -3.46887684 50.46159347, -3.4703486 50.46314882, -3.46897433 50.46474009, -3.46612818 50.46477597, -3.46465648 50.46322058)))"
ASJ-3367,"MultiPolygon (((-3.45476659 50.41927497, -3.45614007 50.41768387, -3.45898343 50.41764824, -3.46045351 50.41920371, -3.45908014 50.42079487, -3.45623659 50.4208305, -3.45476659 50.41927497)))"
ASH-3352,"MultiPolygon (((-3.4647537 50.4663672, -3.46612818 50.46477597, -3.46897433 50.46474009, -3.4704462 50.46629544, -3.46907184 50.4678867, -3.46622551 50.46792258, -3.4647537 50.4663672)))"
ASE-3376,"MultiPolygon (((-3.47516372 50.3891137, -3.47653567 50.38752239, -3.4793772 50.38748626, -3.48084697 50.38904144, -3.47947513 50.39063281, -3.4766334 50.39066894, -3.47516372 50.3891137)))"
ASI-3359,"MultiPolygon (((-3.4597576 50.44282118, -3.46113157 50.44123002, -3.46397634 50.44119427, -3.46544732 50.44274967, -3.46407345 50.44434088, -3.4612285 50.44437664, -3.4597576 50.44282118)))"
ASA-3335,"MultiPolygon (((-3.49627794 50.51790578, -3.49765279 50.5163142, -3.50050199 50.51627754, -3.50197653 50.51783243, -3.50060175 50.51942407, -3.49775237 50.51946074, -3.49627794 50.51790578)))"
ASG-3375,"MultiPolygon (((-3.46673586 50.39236815, -3.46810819 50.39077692, -3.47094993 50.390741, -3.47241954 50.3922963, -3.47104734 50.39388759, -3.46820541 50.39392352, -3.46673586 50.39236815)))"
ASE-3343,"MultiPolygon (((-3.47839588 50.49295144, -3.47977063 50.49136006, -3.48261834 50.49132386, -3.48409149 50.49287901, -3.48271684 50.49447044, -3.47986894 50.49450665, -3.47839588 50.49295144)))"
ASJ-3370,"MultiPolygon (((-3.45447735 50.40983513, -3.45585056 50.40824404, -3.45869337 50.40820841, -3.46016315 50.40976388, -3.45879004 50.41135502, -3.45594705 50.41139065, -3.45447735 50.40983513)))"
ASJ-3371,"MultiPolygon (((-3.45438097 50.40668852, -3.4557541 50.40509743, -3.45859671 50.4050618, -3.46006639 50.40661727, -3.45869337 50.40820841, -3.45585056 50.40824404, -3.45438097 50.40668852)))"
ARY-3379,"MultiPolygon (((-3.50044024 50.37934676, -3.50181107 50.37775515, -3.50465198 50.37771841, -3.50612225 50.37927327, -3.50475153 50.38086493, -3.50191043 50.38090167, -3.50044024 50.37934676)))"
ASH-3375,"MultiPolygon (((-3.46252154 50.39399517, -3.46389402 50.39240397, -3.46673586 50.39236815, -3.46820541 50.39392352, -3.46683301 50.39551475, -3.46399098 50.39555058, -3.46252154 50.39399517)))"
ASC-3337,"MultiPolygon (((-3.48753225 50.51172212, -3.48890723 50.51013064, -3.49175606 50.5100942, -3.4932301 50.51164923, -3.49185522 50.51324076, -3.48900621 50.51327721, -3.48753225 50.51172212)))"
ASI-3362,"MultiPolygon (((-3.45946717 50.43338132, -3.46084088 50.43179017, -3.46368508 50.43175443, -3.46515576 50.43330983, -3.46378215 50.43490104, -3.46093776 50.43493679, -3.45946717 50.43338132)))"
ASJ-3369,"MultiPolygon (((-3.45457375 50.41298174, -3.45594705 50.41139065, -3.45879004 50.41135502, -3.46025992 50.41291048, -3.45888673 50.41450163, -3.45604355 50.41453726, -3.45457375 50.41298174)))"
ASF-3346,"MultiPolygon (((-3.4738794 50.48513908, -3.47525409 50.48354776, -3.47810133 50.48351167, -3.47957408 50.48506689, -3.4781995 50.48665826, -3.47535206 50.48669436, -3.4738794 50.48513908)))"
ASF-3347,"MultiPolygon (((-3.47378153 50.48199248, -3.47515613 50.48040116, -3.47800318 50.48036507, -3.47947583 50.4819203, -3.47810133 50.48351167, -3.47525409 50.48354776, -3.47378153 50.48199248)))"
ARX-3380,"MultiPolygon (((-3.50465198 50.37771841, -3.50602262 50.37612676, -3.50886343 50.37608991, -3.51033379 50.37764472, -3.50896325 50.37923643, -3.50612225 50.37927327, -3.50465198 50.37771841)))"
ASF-3376,"MultiPolygon (((-3.47094993 50.390741, -3.47232208 50.38914973, -3.47516372 50.3891137, -3.4766334 50.39066894, -3.47526136 50.39226027, -3.47241954 50.3922963, -3.47094993 50.390741)))"
ASC-3338,"MultiPolygon (((-3.48743339 50.50857556, -3.48880828 50.50698408, -3.49165691 50.50694764, -3.49313085 50.50850268, -3.49175606 50.5100942, -3.48890723 50.51013064, -3.48743339 50.50857556)))"
ASB-3336,"MultiPolygon (((-3.4919544 50.51638731, -3.49332936 50.51479579, -3.49617846 50.51475923, -3.49765279 50.5163142, -3.49627794 50.51790578, -3.49342865 50.51794234, -3.4919544 50.51638731)))"
ASD-3377,"MultiPolygon (((-3.4793772 50.38748626, -3.48074896 50.38589489, -3.48359039 50.38585865, -3.48506025 50.38741379, -3.48368859 50.38900521, -3.48084697 50.38904144, -3.4793772 50.38748626)))"
ASD-3341,"MultiPolygon (((-3.48291388 50.5007636, -3.4842887 50.49917217, -3.48713687 50.49913585, -3.48861041 50.50069094, -3.48723569 50.50228242, -3.48438734 50.50231875, -3.48291388 50.5007636)))"
ASG-3348,"MultiPolygon (((-3.46936444 50.47732653, -3.47073906 50.47573526, -3.47358583 50.47569928, -3.47505819 50.47725456, -3.47368367 50.47884588, -3.4708367 50.47888187, -3.46936444 50.47732653)))"
ASI-3356,"MultiPolygon (((-3.46004819 50.45226104, -3.46142241 50.45066988, -3.46426774 50.45063411, -3.46573903 50.45218951, -3.4643649 50.45378073, -3.46151939 50.4538165, -3.46004819 50.45226104)))"
ASJ-3366,"MultiPolygon (((-3.45486304 50.42242159, -3.45623659 50.4208305, -3.45908014 50.42079487, -3.46055033 50.42235033, -3.45917688 50.42394147, -3.45633314 50.42397711, -3.45486304 50.42242159)))"
ASI-3358,"MultiPolygon (((-3.45985445 50.4459678, -3.4612285 50.44437664, -3.46407345 50.44434088, -3.46554454 50.44589629, -3.46417059 50.4474875, -3.46132545 50.44752326, -3.45985445 50.4459678)))"
ASC-3377,"MultiPolygon (((-3.48359039 50.38585865, -3.48496195 50.38426723, -3.48780328 50.3842309, -3.48927323 50.38578599, -3.48790177 50.38737746, -3.48506025 50.38741379, -3.48359039 50.38585865)))"
ASI-3360,"MultiPolygon (((-3.45966077 50.43967457, -3.46103466 50.43808341, -3.46387923 50.43804766, -3.46535012 50.43960306, -3.46397634 50.44119427, -3.46113157 50.44123002, -3.45966077 50.43967457)))"
ASJ-3368,"MultiPolygon (((-3.45467017 50.41612835, -3.45604355 50.41453726, -3.45888673 50.41450163, -3.46035671 50.41605709, -3.45898343 50.41764824, -3.45614007 50.41768387, -3.45467017 50.41612835)))"
ASI-3357,"MultiPolygon (((-3.45995131 50.44911442, -3.46132545 50.44752326, -3.46417059 50.4474875, -3.46564178 50.4490429, -3.46426774 50.45063411, -3.46142241 50.45066988, -3.45995131 50.44911442)))"
ASI-3374,"MultiPolygon (((-3.4583069 50.39562201, -3.4596796 50.39403089, -3.46252154 50.39399517, -3.46399098 50.39555058, -3.46261839 50.39714175, -3.45977626 50.39717747, -3.4583069 50.39562201)))"
ASG-3349,"MultiPolygon (((-3.46926689 50.47417992, -3.47064142 50.47258865, -3.47348801 50.47255268, -3.47496026 50.47410796, -3.47358583 50.47569928, -3.47073906 50.47573526, -3.46926689 50.47417992)))"
ARY-3369,"MultiPolygon (((-3.50143412 50.4108124, -3.50280577 50.40922076, -3.50564851 50.40918403, -3.5071198 50.41073893, -3.50574825 50.41233062, -3.50290532 50.41236735, -3.50143412 50.4108124)))"
ASD-3374,"MultiPolygon (((-3.47967109 50.39692597, -3.48104309 50.39533458, -3.48388509 50.39529834, -3.48535527 50.39685349, -3.48398337 50.39844492, -3.48114118 50.39848116, -3.47967109 50.39692597)))"
ASH-3368,"MultiPolygon (((-3.46319998 50.41602135, -3.46457307 50.41443015, -3.46741623 50.41439431, -3.46888649 50.41594967, -3.4675135 50.41754091, -3.46467015 50.41757676, -3.46319998 50.41602135)))"
ASB-3369,"MultiPolygon (((-3.48869037 50.41255009, -3.49006251 50.41095859, -3.49290542 50.41092215, -3.49437638 50.4124772, -3.49300433 50.41406874, -3.49016124 50.41410519, -3.48869037 50.41255009)))"
AQY-3357,"MultiPolygon (((-3.61358669 50.44708563, -3.61495566 50.44549264, -3.61780051 50.44545311, -3.61927658 50.44700656, -3.61790771 50.4485996, -3.61506267 50.44863913, -3.61358669 50.44708563)))"
ASH-3374,"MultiPolygon (((-3.46261839 50.39714175, -3.46399098 50.39555058, -3.46683301 50.39551475, -3.46830264 50.3970701, -3.46693015 50.39866134, -3.46408793 50.39869716, -3.46261839 50.39714175)))"
ARD-3359,"MultiPolygon (((-3.592091 50.44265998, -3.59346059 50.44106724, -3.59630527 50.44102819, -3.59778053 50.4425819, -3.59641104 50.44417469, -3.59356619 50.44421373, -3.592091 50.44265998)))"
ARN-3372,"MultiPolygon (((-3.54808506 50.40233126, -3.54945494 50.40073908, -3.55229722 50.40070117, -3.55376978 50.40225547, -3.55239999 50.40384773, -3.54955752 50.40388564, -3.54808506 50.40233126)))"
ARK-3362,"MultiPolygon (((-3.56185847 50.43205221, -3.56322877 50.43045984, -3.56607277 50.43042162, -3.56754671 50.43197574, -3.56617654 50.43356816, -3.56333234 50.43360638, -3.56185847 50.43205221)))"
ARH-3360,"MultiPolygon (((-3.57491812 50.43974583, -3.57628822 50.43815327, -3.57913273 50.43811468, -3.58060732 50.43966864, -3.57923734 50.44126123, -3.57639265 50.44129981, -3.57491812 50.43974583)))"
ASA-3373,"MultiPolygon (((-3.49250989 50.39833581, -3.4938815 50.39674428, -3.49672356 50.39670773, -3.49819421 50.39826271, -3.49682271 50.3998543, -3.49398045 50.39989085, -3.49250989 50.39833581)))"
ARY-3352,"MultiPolygon (((-3.50312745 50.46430428, -3.50450058 50.46271261, -3.50734657 50.46267581, -3.50881962 50.46423066, -3.50744661 50.46582236, -3.50460043 50.46585918, -3.50312745 50.46430428)))"
ARX-3379,"MultiPolygon (((-3.50475153 50.38086493, -3.50612225 50.37927327, -3.50896325 50.37923643, -3.51043372 50.38079124, -3.5090631 50.38238295, -3.50622191 50.38241979, -3.50475153 50.38086493)))"
ARU-3348,"MultiPolygon (((-3.52060759 50.47666873, -3.5219805 50.47507686, -3.52482724 50.47503961, -3.52630128 50.47659422, -3.52492849 50.47818613, -3.52208157 50.47822338, -3.52060759 50.47666873)))"
ARF-3364,"MultiPolygon (((-3.58303236 50.42704386, -3.58440184 50.4254512, -3.58724552 50.42541244, -3.58871991 50.42696633, -3.58735056 50.42855902, -3.58450672 50.42859777, -3.58303236 50.42704386)))"
ARJ-3345,"MultiPolygon (((-3.5679443 50.48705737, -3.56931587 50.48546505, -3.57216313 50.48542664, -3.57363902 50.48698057, -3.57226756 50.48857295, -3.5694201 50.48861135, -3.5679443 50.48705737)))"
ASA-3352,"MultiPolygon (((-3.49458923 50.46441417, -3.49596263 50.46282261, -3.4988086 50.46278602, -3.50028136 50.46434098, -3.49890807 50.46593259, -3.49606191 50.46596918, -3.49458923 50.46441417)))"
ASB-3353,"MultiPolygon (((-3.49027066 50.46289558, -3.49164416 50.46130407, -3.49449005 50.46126759, -3.49596263 50.46282261, -3.49458923 50.46441417, -3.49174315 50.46445066, -3.49027066 50.46289558)))"
ARK-3361,"MultiPolygon (((-3.56196198 50.43519874, -3.56333234 50.43360638, -3.56617654 50.43356816, -3.56765061 50.43512225, -3.56628036 50.43671466, -3.56343596 50.4367529, -3.56196198 50.43519874)))"
ARL-3369,"MultiPolygon (((-3.55692148 50.41165704, -3.55829134 50.41006472, -3.56113421 50.41002657, -3.56260741 50.41158072, -3.56123766 50.41317307, -3.5583946 50.41321124, -3.55692148 50.41165704)))"
ARN-3351,"MultiPolygon (((-3.55024191 50.46840819, -3.55161358 50.46681597, -3.55445981 50.46677796, -3.55593456 50.46833216, -3.554563 50.46992443, -3.55171658 50.46996246, -3.55024191 50.46840819)))"
ARV-3340,"MultiPolygon (((-3.51719372 50.50346996, -3.51856748 50.50187811, -3.52141588 50.50184088, -3.52289067 50.50339546, -3.521517 50.50498735, -3.51866842 50.50502462, -3.51719372 50.50346996)))"
ARN-3346,"MultiPolygon (((-3.55075667 50.48414059, -3.55212876 50.48254834, -3.55497593 50.48251024, -3.55645119 50.48406439, -3.55507921 50.48565664, -3.55223186 50.48569475, -3.55075667 50.48414059)))"
ARO-3348,"MultiPolygon (((-3.54622903 50.47633122, -3.54760105 50.47473906, -3.55044776 50.47470117, -3.55192263 50.47625542, -3.55055071 50.47784765, -3.54770381 50.47788554, -3.54622903 50.47633122)))"
ARR-3374,"MultiPolygon (((-3.53082784 50.39626396, -3.53219812 50.39467198, -3.53504003 50.39463451, -3.53651187 50.39618901, -3.53514166 50.39778107, -3.53229956 50.39781854, -3.53082784 50.39626396)))"
ARF-3363,"MultiPolygon (((-3.58313721 50.43019039, -3.58450672 50.42859777, -3.58735056 50.42855902, -3.58882512 50.43011286, -3.58745575 50.43170551, -3.58461171 50.43174428, -3.58313721 50.43019039)))"
ARR-3349,"MultiPolygon (((-3.53336741 50.47492744, -3.53473982 50.47333542, -3.53758647 50.47329785, -3.53906088 50.4748523, -3.53768856 50.47644436, -3.53484173 50.47648193, -3.53336741 50.47492744)))"
ART-3379,"MultiPolygon (((-3.52179805 50.38064302, -3.52316819 50.37905115, -3.52600916 50.37901389, -3.5274802 50.3805685, -3.52611018 50.38216042, -3.523269 50.38219768, -3.52179805 50.38064302)))"
ARU-3379,"MultiPolygon (((-3.51748621 50.37912547, -3.51885646 50.37753365, -3.52169734 50.37749649, -3.52316819 50.37905115, -3.52179805 50.38064302, -3.51895697 50.38068018, -3.51748621 50.37912547)))"
ARX-3378,"MultiPolygon (((-3.50485111 50.38401146, -3.50622191 50.38241979, -3.5090631 50.38238295, -3.51053367 50.38393777, -3.50916298 50.3855295, -3.50632161 50.38556635, -3.50485111 50.38401146)))"
ARX-3377,"MultiPolygon (((-3.50495072 50.38715802, -3.50632161 50.38556635, -3.50916298 50.3855295, -3.51063366 50.38708433, -3.50926288 50.38867606, -3.50642132 50.3887129, -3.50495072 50.38715802)))"
ARO-3354,"MultiPolygon (((-3.54561333 50.45745222, -3.54698484 50.45586006, -3.54983042 50.4558222, -3.55130468 50.4573765, -3.54993327 50.45896871, -3.5470875 50.45900657, -3.54561333 50.45745222)))"
ARG-3363,"MultiPolygon (((-3.57881881 50.42867517, -3.58018846 50.42708258, -3.58303236 50.42704386, -3.58450672 50.42859777, -3.58313721 50.43019039, -3.58029315 50.4302291, -3.57881881 50.42867517)))"
ARI-3361,"MultiPolygon (((-3.57049499 50.43508383, -3.57186508 50.43349135, -3.57470937 50.43345282, -3.57618375 50.43500677, -3.57481376 50.43659931, -3.57196929 50.43663784, -3.57049499 50.43508383)))"
ARI-3357,"MultiPolygon (((-3.57091154 50.44766982, -3.57228195 50.44607735, -3.57512693 50.44603884, -3.57660167 50.44759281, -3.57523135 50.44918535, -3.5723862 50.44922385, -3.57091154 50.44766982)))"
ARK-3365,"MultiPolygon (((-3.56154807 50.4226126, -3.56291811 50.42102022, -3.56576155 50.42098201, -3.56723517 50.42253615, -3.56586526 50.42412856, -3.56302164 50.42416677, -3.56154807 50.4226126)))"
ARJ-3360,"MultiPolygon (((-3.5663842 50.43986116, -3.56775454 50.43826875, -3.5705991 50.43823033, -3.57207348 50.43978435, -3.57070321 50.44137684, -3.56785848 50.44141525, -3.5663842 50.43986116)))"
ARJ-3361,"MultiPolygon (((-3.56628036 50.43671466, -3.56765061 50.43512225, -3.57049499 50.43508383, -3.57196929 50.43663784, -3.5705991 50.43823033, -3.56775454 50.43826875, -3.56628036 50.43671466)))"
ARO-3343,"MultiPolygon (((-3.54674261 50.49206338, -3.54811506 50.49047125, -3.55096271 50.49043329, -3.5524381 50.49198743, -3.55106575 50.49357963, -3.54821791 50.49361761, -3.54674261 50.49206338)))"
ARQ-3349,"MultiPolygon (((-3.53758647 50.47329785, -3.5389587 50.47170579, -3.54180524 50.47166812, -3.54327974 50.47322251, -3.54190761 50.47481462, -3.53906088 50.4748523, -3.53758647 50.47329785)))"
ARE-3364,"MultiPolygon (((-3.58724552 50.42541244, -3.58861472 50.42381979, -3.59145831 50.42378092, -3.5929329 50.42533468, -3.59156368 50.42692746, -3.58871991 50.42696633, -3.58724552 50.42541244)))"
ARQ-3342,"MultiPolygon (((-3.53830152 50.49532315, -3.53967434 50.49373109, -3.5425222 50.49369333, -3.54399743 50.49524761, -3.5426247 50.49683971, -3.53977665 50.49687749, -3.53830152 50.49532315)))"
ARV-3337,"MultiPolygon (((-3.51749629 50.51290944, -3.51887032 50.51131758, -3.52171926 50.51128027, -3.52319434 50.51283484, -3.5218204 50.51442677, -3.51897129 50.51446407, -3.51749629 50.51290944)))"
ARE-3357,"MultiPolygon (((-3.58798178 50.44743805, -3.58935161 50.44584537, -3.59219653 50.44580646, -3.59367181 50.44736023, -3.59230206 50.44895297, -3.58945696 50.44899189, -3.58798178 50.44743805)))"
ARS-3345,"MultiPolygon (((-3.52945279 50.48599641, -3.53082565 50.48440444, -3.53367293 50.48436696, -3.53514756 50.48592144, -3.5337748 50.48751347, -3.53092733 50.48755095, -3.52945279 50.48599641)))"
ARR-3348,"MultiPolygon (((-3.53346923 50.47807395, -3.53484173 50.47648193, -3.53768856 50.47644436, -3.53916308 50.4779988, -3.53779068 50.47959086, -3.53494366 50.47962844, -3.53346923 50.47807395)))"
ARG-3360,"MultiPolygon (((-3.57913273 50.43811468, -3.58050261 50.4365221, -3.58334701 50.43648342, -3.58482169 50.43803732, -3.58345189 50.43962996, -3.58060732 50.43966864, -3.57913273 50.43811468)))"
ARH-3359,"MultiPolygon (((-3.57502249 50.44289235, -3.57639265 50.44129981, -3.57923734 50.44126123, -3.58071205 50.44281517, -3.57934202 50.44440773, -3.57649716 50.44444631, -3.57502249 50.44289235)))"
ARK-3358,"MultiPolygon (((-3.56227269 50.44463827, -3.56364328 50.44304592, -3.56648806 50.44300766, -3.56796246 50.44456174, -3.56659197 50.44615414, -3.56374699 50.44619241, -3.56227269 50.44463827)))"
ARN-3350,"MultiPolygon (((-3.55034483 50.47155468, -3.55171658 50.46996246, -3.554563 50.46992443, -3.55603785 50.47147861, -3.5546662 50.47307089, -3.5518196 50.47310894, -3.55034483 50.47155468)))"
ARL-3346,"MultiPolygon (((-3.55929844 50.48402617, -3.56067024 50.48243383, -3.56351738 50.48239553, -3.56499292 50.48394952, -3.56362122 50.48554188, -3.56077389 50.4855802, -3.55929844 50.48402617)))"
ARZ-3375,"MultiPolygon (((-3.49662444 50.39356116, -3.49799577 50.39196956, -3.50083754 50.39193292, -3.50230816 50.39348788, -3.50093694 50.3950795, -3.49809498 50.39511614, -3.49662444 50.39356116)))"
ARH-3358,"MultiPolygon (((-3.57512693 50.44603884, -3.57649716 50.44444631, -3.57934202 50.44440773, -3.58081684 50.44596166, -3.57944672 50.44755423, -3.57660167 50.44759281, -3.57512693 50.44603884)))"
ARS-3377,"MultiPolygon (((-3.52621119 50.38530698, -3.52758133 50.38371504, -3.53042259 50.38367767, -3.5318939 50.38523225, -3.53052387 50.38682425, -3.52768243 50.38686161, -3.52621119 50.38530698)))"
ARO-3344,"MultiPolygon (((-3.54663985 50.48891701, -3.54801222 50.48732488, -3.55085968 50.48728694, -3.55233497 50.48884109, -3.55096271 50.49043329, -3.54811506 50.49047125, -3.54663985 50.48891701)))"
ASE-3368,"MultiPolygon (((-3.47594566 50.41428642, -3.47731827 50.41269508, -3.48016131 50.41265893, -3.48163193 50.41421412, -3.48025941 50.41580552, -3.47741619 50.41584166, -3.47594566 50.41428642)))"
ASC-3357,"MultiPolygon (((-3.4855581 50.44879046, -3.48693136 50.447199, -3.48977641 50.44716264, -3.49124838 50.44871772, -3.48987523 50.45030923, -3.48703 50.4503456, -3.4855581 50.44879046)))"
ASB-3338,"MultiPolygon (((-3.49175606 50.5100942, -3.49313085 50.50850268, -3.49597957 50.50846613, -3.49745369 50.51002111, -3.49607901 50.51161268, -3.4932301 50.51164923, -3.49175606 50.5100942)))"
ASC-3344,"MultiPolygon (((-3.48684051 50.48969612, -3.48821488 50.48810465, -3.49106238 50.48806823, -3.49253569 50.48962328, -3.49116142 50.4912148, -3.48831373 50.49125122, -3.48684051 50.48969612)))"
ARH-3349,"MultiPolygon (((-3.57606769 50.47435678, -3.57743863 50.47276432, -3.58028517 50.4727256, -3.58176094 50.47427937, -3.58039008 50.47587195, -3.57754336 50.47591068, -3.57606769 50.47435678)))"
ASI-3363,"MultiPolygon (((-3.45937038 50.43023471, -3.46074401 50.42864355, -3.46358803 50.42860781, -3.46505861 50.43016322, -3.46368508 50.43175443, -3.46084088 50.43179017, -3.45937038 50.43023471)))"
ASI-3371,"MultiPolygon (((-3.45859671 50.4050618, -3.45996965 50.40347066, -3.46281217 50.40343494, -3.46428193 50.40499035, -3.46290909 50.40658154, -3.46006639 50.40661727, -3.45859671 50.4050618)))"
ARK-3352,"MultiPolygon (((-3.56289472 50.46351706, -3.56426581 50.46192472, -3.56711173 50.46188647, -3.56858672 50.46344052, -3.56721574 50.4650329, -3.56436964 50.46507115, -3.56289472 50.46351706)))"
ARZ-3360,"MultiPolygon (((-3.49811281 50.44075995, -3.49948543 50.43916834, -3.50232999 50.43913167, -3.50380212 50.4406866, -3.50242961 50.44227825, -3.49958486 50.44231493, -3.49811281 50.44075995)))"
ASE-3374,"MultiPolygon (((-3.47535907 50.39540686, -3.47673118 50.39381553, -3.4795731 50.39377939, -3.48104309 50.39533458, -3.47967109 50.39692597, -3.47682898 50.3969621, -3.47535907 50.39540686)))"
ASE-3353,"MultiPolygon (((-3.47741462 50.46148547, -3.47878851 50.45989411, -3.48163434 50.45985793, -3.48310646 50.46141311, -3.48173267 50.46300453, -3.47888666 50.46304071, -3.47741462 50.46148547)))"
ARZ-3367,"MultiPolygon (((-3.49741781 50.41873382, -3.49878984 50.41714222, -3.50163309 50.41710557, -3.5031045 50.41866052, -3.5017326 50.42025216, -3.49888916 50.42028882, -3.49741781 50.41873382)))"
ARV-3369,"MultiPolygon (((-3.5142771 50.41221996, -3.51564837 50.41062817, -3.51849125 50.4105911, -3.51996306 50.41214582, -3.51859184 50.41373767, -3.51574877 50.41377474, -3.5142771 50.41221996)))"
ARJ-3369,"MultiPolygon (((-3.5654504 50.41154244, -3.56682001 50.40995, -3.56966283 50.40991166, -3.57113624 50.41146573, -3.56976679 50.41305819, -3.56692379 50.41309654, -3.5654504 50.41154244)))"
ARU-3338,"MultiPolygon (((-3.52161813 50.50813381, -3.5229919 50.50654191, -3.52584054 50.50650458, -3.52731562 50.50805911, -3.52594195 50.50965102, -3.52309312 50.50968834, -3.52161813 50.50813381)))"
ARI-3348,"MultiPolygon (((-3.57184997 50.47598771, -3.57322109 50.47439529, -3.57606769 50.47435678, -3.57754336 50.47591068, -3.57617234 50.47750312, -3.57332555 50.47754163, -3.57184997 50.47598771)))"
ARU-3376,"MultiPolygon (((-3.51778754 50.3885651, -3.51915805 50.38697328, -3.52199951 50.38693613, -3.52347066 50.38849081, -3.52210026 50.39008268, -3.51925862 50.39011983, -3.51778754 50.3885651)))"
ARX-3349,"MultiPolygon (((-3.50774685 50.47526204, -3.50912011 50.47367033, -3.51196672 50.47363341, -3.51344026 50.47518819, -3.51206711 50.47677995, -3.50922031 50.47681688, -3.50774685 50.47526204)))"
ARR-3347,"MultiPolygon (((-3.53357107 50.48122045, -3.53494366 50.47962844, -3.53779068 50.47959086, -3.5392653 50.48114529, -3.53789281 50.48273736, -3.53504561 50.48277494, -3.53357107 50.48122045)))"
ARY-3351,"MultiPolygon (((-3.50322722 50.46745084, -3.50460043 50.46585918, -3.50744661 50.46582236, -3.50891977 50.46737721, -3.50754668 50.46896892, -3.5047003 50.46900574, -3.50322722 50.46745084)))"
ARK-3364,"MultiPolygon (((-3.56165151 50.42575915, -3.56302164 50.42416677, -3.56586526 50.42412856, -3.56733899 50.42568269, -3.565969 50.42727509, -3.5631252 50.4273133, -3.56165151 50.42575915)))"
ART-3354,"MultiPolygon (((-3.52432127 50.45930694, -3.52569354 50.45771503, -3.52853922 50.4576777, -3.53001282 50.45923227, -3.52864066 50.46082423, -3.52579479 50.46086156, -3.52432127 50.45930694)))"
ARB-3357,"MultiPolygon (((-3.60083737 50.44883579, -3.60220683 50.44724294, -3.60505181 50.44720372, -3.60652751 50.44875733, -3.60515816 50.45035022, -3.60231299 50.45038945, -3.60083737 50.44883579)))"
ARN-3358,"MultiPolygon (((-3.549522 50.44638269, -3.55089307 50.44479049, -3.55373798 50.44475254, -3.55521201 50.44630678, -3.55384104 50.44789904, -3.55099594 50.44793699, -3.549522 50.44638269)))"
ARP-3379,"MultiPolygon (((-3.53884444 50.38041865, -3.54021397 50.37882658, -3.54305492 50.37878893, -3.54452653 50.38034333, -3.54315711 50.38193545, -3.54031597 50.38197311, -3.53884444 50.38041865)))"
ARA-3362,"MultiPolygon (((-3.60452027 50.43147122, -3.60588906 50.42987837, -3.60873298 50.42983907, -3.61020829 50.43139262, -3.6088396 50.43298552, -3.6059955 50.43302482, -3.60452027 50.43147122)))"
ARI-3366,"MultiPolygon (((-3.56997474 50.41935125, -3.57134441 50.41775878, -3.57418768 50.41772032, -3.57566146 50.41927434, -3.57429195 50.42086684, -3.57144848 50.42090531, -3.56997474 50.41935125)))"
ARG-3369,"MultiPolygon (((-3.57819119 50.40979622, -3.57956027 50.40820366, -3.58240297 50.408165, -3.58387681 50.40971887, -3.58250786 50.41131146, -3.57966494 50.41135015, -3.57819119 50.40979622)))"
ARI-3364,"MultiPolygon (((-3.57018279 50.4256443, -3.57155262 50.42405182, -3.57439632 50.42401332, -3.5758704 50.42556728, -3.57450067 50.42715981, -3.57165677 50.42719832, -3.57018279 50.4256443)))"
ARW-3378,"MultiPolygon (((-3.5090631 50.38238295, -3.51043372 50.38079124, -3.5132748 50.38075429, -3.51474545 50.38230904, -3.51337494 50.38390081, -3.51053367 50.38393777, -3.5090631 50.38238295)))"
ARR-3342,"MultiPolygon (((-3.53408054 50.49695292, -3.53545355 50.49536085, -3.53830152 50.49532315, -3.53977665 50.49687749, -3.53840374 50.49846955, -3.53555559 50.49850728, -3.53408054 50.49695292)))"
ARG-3356,"MultiPolygon (((-3.57955141 50.45070073, -3.58092162 50.44910817, -3.58376675 50.44906949, -3.58524185 50.45062336, -3.58387177 50.45221593, -3.58102645 50.45225462, -3.57955141 50.45070073)))"
ARS-3340,"MultiPolygon (((-3.52996096 50.50172884, -3.53133425 50.50013691, -3.53418249 50.50009937, -3.53565764 50.50165369, -3.53428446 50.50324576, -3.53143602 50.50328331, -3.52996096 50.50172884)))"
ARS-3347,"MultiPolygon (((-3.52924964 50.47970337, -3.53062232 50.47811141, -3.53346923 50.47807395, -3.53494366 50.47962844, -3.53357107 50.48122045, -3.53072398 50.48125792, -3.52924964 50.47970337)))"
ART-3343,"MultiPolygon (((-3.52543501 50.49391873, -3.52680823 50.49232682, -3.529656 50.49228944, -3.53113074 50.49384396, -3.52975763 50.49543592, -3.52690967 50.49547331, -3.52543501 50.49391873)))"
ARQ-3351,"MultiPolygon (((-3.53738233 50.46700483, -3.5387544 50.46541277, -3.54160056 50.4653751, -3.54307485 50.4669295, -3.54170289 50.46852161, -3.53885654 50.46855928, -3.53738233 50.46700483)))"
ARU-3340,"MultiPolygon (((-3.52141588 50.50184088, -3.52278947 50.50024901, -3.52563773 50.50021171, -3.52711261 50.50176625, -3.52573913 50.50335815, -3.52289067 50.50339546, -3.52141588 50.50184088)))"
ARU-3350,"MultiPolygon (((-3.5204057 50.47037565, -3.52177845 50.46878378, -3.5246248 50.46874654, -3.52609863 50.47030116, -3.52472601 50.47189307, -3.52187947 50.47193032, -3.5204057 50.47037565)))"
ARP-3351,"MultiPolygon (((-3.54170289 50.46852161, -3.54307485 50.4669295, -3.5459211 50.46689173, -3.54739558 50.46844607, -3.54602372 50.47003823, -3.54317729 50.470076, -3.54170289 50.46852161)))"
ARQ-3377,"MultiPolygon (((-3.53473525 50.38519479, -3.5361051 50.38360274, -3.53894635 50.38356518, -3.54041795 50.38511965, -3.53904822 50.38671174, -3.53620676 50.38674932, -3.53473525 50.38519479)))"
ARO-3346,"MultiPolygon (((-3.5464344 50.48262418, -3.5478066 50.48103202, -3.55065369 50.48099411, -3.55212876 50.48254834, -3.55075667 50.48414059, -3.5479094 50.48417851, -3.5464344 50.48262418)))"
ARJ-3370,"MultiPolygon (((-3.56534674 50.40839589, -3.56671624 50.40680348, -3.56955886 50.40676514, -3.57103221 50.40831919, -3.56966283 50.40991166, -3.56682001 50.40995, -3.56534674 50.40839589)))"
ARQ-3354,"MultiPolygon (((-3.53707627 50.45756528, -3.53844807 50.45597322, -3.54129367 50.45593557, -3.54276765 50.45748997, -3.54139595 50.45908208, -3.53855016 50.45911974, -3.53707627 50.45756528)))"
ARL-3367,"MultiPolygon (((-3.55712784 50.41795006, -3.55849788 50.41635774, -3.56134115 50.41631956, -3.56281457 50.4178737, -3.56144464 50.41946606, -3.55860117 50.41950424, -3.55712784 50.41795006)))"
ARA-3363,"MultiPolygon (((-3.60441394 50.42832476, -3.60578268 50.42673189, -3.60862641 50.4266926, -3.61010159 50.42824618, -3.60873298 50.42983907, -3.60588906 50.42987837, -3.60441394 50.42832476)))"
ARM-3355,"MultiPolygon (((-3.55404722 50.45419203, -3.55541836 50.45259978, -3.55826373 50.45256171, -3.55973816 50.45411589, -3.55836712 50.45570819, -3.55552156 50.45574627, -3.55404722 50.45419203)))"
ARH-3363,"MultiPolygon (((-3.57460501 50.43030631, -3.57597483 50.42871378, -3.57881881 50.42867517, -3.58029315 50.4302291, -3.57892344 50.43182167, -3.57607928 50.43186028, -3.57460501 50.43030631)))"
ARP-3347,"MultiPolygon (((-3.5421124 50.4811076, -3.5434847 50.47951549, -3.54633171 50.4794777, -3.5478066 50.48103202, -3.5464344 50.48262418, -3.54358721 50.48266198, -3.5421124 50.4811076)))"
ARS-3376,"MultiPolygon (((-3.52631221 50.38845355, -3.52768243 50.38686161, -3.53052387 50.38682425, -3.53199529 50.38837883, -3.53062517 50.38997083, -3.52778354 50.39000818, -3.52631221 50.38845355)))"
ARB-3364,"MultiPolygon (((-3.6000952 50.42681026, -3.60146406 50.42521743, -3.60430769 50.42517826, -3.60578268 50.42673189, -3.60441394 50.42832476, -3.60157011 50.42836395, -3.6000952 50.42681026)))"
ARL-3374,"MultiPolygon (((-3.55640602 50.39592437, -3.55777543 50.39433207, -3.5606173 50.39429396, -3.56208996 50.39584814, -3.56072065 50.39744049, -3.55787858 50.3974786, -3.55640602 50.39592437)))"
ARG-3367,"MultiPolygon (((-3.57840036 50.4160892, -3.57976964 50.41449662, -3.58261278 50.41445791, -3.58408686 50.41601175, -3.58271769 50.41760438, -3.57987433 50.41764311, -3.57840036 50.4160892)))"
ARL-3351,"MultiPolygon (((-3.55878087 50.46829403, -3.56015225 50.46670173, -3.56299846 50.46666351, -3.56447348 50.46821758, -3.5631022 50.46980992, -3.56025581 50.46984815, -3.55878087 50.46829403)))"
ARD-3367,"MultiPolygon (((-3.59124745 50.41748794, -3.59261628 50.41589526, -3.59545939 50.41585629, -3.59693388 50.41740999, -3.59556511 50.41900275, -3.5927218 50.41904173, -3.59124745 50.41748794)))"
ARI-3356,"MultiPolygon (((-3.57101571 50.45081631, -3.5723862 50.44922385, -3.57523135 50.44918535, -3.57670619 50.45073932, -3.57533581 50.4523318, -3.57249048 50.45237031, -3.57101571 50.45081631)))"
ARW-3352,"MultiPolygon (((-3.51166566 50.46419375, -3.51303848 50.46260199, -3.51588442 50.46256498, -3.51735776 50.46411972, -3.51598503 50.46571152, -3.5131389 50.46574854, -3.51166566 50.46419375)))"
ARL-3363,"MultiPolygon (((-3.5575406 50.43053617, -3.558911 50.42894384, -3.561755 50.42890567, -3.56322877 50.43045984, -3.56185847 50.43205221, -3.5590143 50.43209038, -3.5575406 50.43053617)))"
ARM-3342,"MultiPolygon (((-3.55538915 50.49509566, -3.55676139 50.4935034, -3.5596092 50.49346517, -3.56108495 50.49501922, -3.5597128 50.49661154, -3.55686481 50.49664975, -3.55538915 50.49509566)))"
ARG-3354,"MultiPolygon (((-3.57976095 50.45699361, -3.58113132 50.45540101, -3.58397684 50.4553623, -3.58545216 50.45691618, -3.5840819 50.4585088, -3.58123619 50.45854753, -3.57976095 50.45699361)))"
ARK-3346,"MultiPolygon (((-3.56351738 50.48239553, -3.56488899 50.48080316, -3.56773605 50.48076476, -3.56921165 50.48231874, -3.56784017 50.48391107, -3.56499292 50.48394952, -3.56351738 50.48239553)))"
ARC-3364,"MultiPolygon (((-3.59577664 50.42529566, -3.59714557 50.4237029, -3.59998919 50.42366379, -3.60146406 50.42521743, -3.6000952 50.42681026, -3.59725137 50.4268494, -3.59577664 50.42529566)))"
ARM-3351,"MultiPolygon (((-3.55445981 50.46677796, -3.55583128 50.46518569, -3.55867741 50.46514757, -3.56015225 50.46670173, -3.55878087 50.46829403, -3.55593456 50.46833216, -3.55445981 50.46677796)))"
ASD-3373,"MultiPolygon (((-3.47976909 50.40007254, -3.48114118 50.39848116, -3.48398337 50.39844492, -3.48545366 50.40000006, -3.48408167 50.4015915, -3.4812393 50.40162774, -3.47976909 50.40007254)))"
ARN-3375,"MultiPolygon (((-3.54777749 50.39289167, -3.54914719 50.39129943, -3.55198893 50.39126152, -3.55346119 50.39281582, -3.55209167 50.39440807, -3.54924974 50.39444599, -3.54777749 50.39289167)))"
ARW-3360,"MultiPolygon (((-3.51086362 50.43902125, -3.51223575 50.4374295, -3.51508018 50.43739252, -3.51655267 50.43894729, -3.51518064 50.44053909, -3.51233603 50.44057607, -3.51086362 50.43902125)))"
ARS-3365,"MultiPolygon (((-3.52742462 50.42306573, -3.52879576 50.42147378, -3.53163926 50.4214364, -3.53311181 50.42299095, -3.53174077 50.42458295, -3.52889708 50.42462034, -3.52742462 50.42306573)))"
ARN-3359,"MultiPolygon (((-3.54941923 50.44323618, -3.55079022 50.44164398, -3.55363495 50.44160603, -3.55510887 50.44316028, -3.55373798 50.44475254, -3.55089307 50.44479049, -3.54941923 50.44323618)))"
ASA-3367,"MultiPolygon (((-3.49310326 50.41721534, -3.4944754 50.41562379, -3.49731859 50.41558723, -3.49878984 50.41714222, -3.49741781 50.41873382, -3.49457443 50.41877038, -3.49310326 50.41721534)))"
AQV-3364,"MultiPolygon (((-3.62568861 50.42645544, -3.62705656 50.42486235, -3.62990013 50.42482255, -3.63137595 50.42637584, -3.6300081 50.42796898, -3.62716434 50.42800879, -3.62568861 50.42645544)))"
ASG-3361,"MultiPolygon (((-3.4680974 50.4364206, -3.4694709 50.43482934, -3.47231526 50.4347934, -3.4737863 50.4363487, -3.4724129 50.43794, -3.46956836 50.43797595, -3.4680974 50.4364206)))"
ASB-3371,"MultiPolygon (((-3.48849313 50.40625691, -3.48986509 50.40466543, -3.49270763 50.40462899, -3.49417839 50.40618402, -3.49280652 50.40777556, -3.4899638 50.407812, -3.48849313 50.40625691)))"
ARQ-3344,"MultiPolygon (((-3.53809712 50.48903029, -3.53946978 50.48743823, -3.54231727 50.48740051, -3.54379228 50.48895483, -3.54241973 50.49054693, -3.53957205 50.49058467, -3.53809712 50.48903029)))"
ARX-3355,"MultiPolygon (((-3.50714654 50.45638268, -3.50851928 50.45479098, -3.51136476 50.45475408, -3.51283769 50.45630888, -3.51146504 50.45790064, -3.50861938 50.45793754, -3.50714654 50.45638268)))"
ARS-3351,"MultiPolygon (((-3.52884358 50.46711728, -3.53021592 50.46552532, -3.53306206 50.46548788, -3.53453607 50.46704239, -3.53316382 50.4686344, -3.53031749 50.46867185, -3.52884358 50.46711728)))"
ARJ-3362,"MultiPolygon (((-3.56617654 50.43356816, -3.56754671 50.43197574, -3.5703909 50.43193733, -3.57186508 50.43349135, -3.57049499 50.43508383, -3.56765061 50.43512225, -3.56617654 50.43356816)))"
ARP-3345,"MultiPolygon (((-3.54231727 50.48740051, -3.54368974 50.48580843, -3.54653712 50.48577062, -3.54801222 50.48732488, -3.54663985 50.48891701, -3.54379228 50.48895483, -3.54231727 50.48740051)))"
ARV-3378,"MultiPolygon (((-3.51337494 50.38390081, -3.51474545 50.38230904, -3.51758663 50.38227199, -3.5190575 50.38382672, -3.51768707 50.38541855, -3.51484571 50.3854556, -3.51337494 50.38390081)))"
ARS-3342,"MultiPolygon (((-3.52975763 50.49543592, -3.53113074 50.49384396, -3.5339786 50.49380646, -3.53545355 50.49536085, -3.53408054 50.49695292, -3.53123249 50.49699044, -3.52975763 50.49543592)))"
ARK-3374,"MultiPolygon (((-3.5606173 50.39429396, -3.56198652 50.39270162, -3.56482828 50.39266342, -3.56630105 50.39421753, -3.56493195 50.39580991, -3.56208996 50.39584814, -3.5606173 50.39429396)))"
ARL-3355,"MultiPolygon (((-3.55836712 50.45570819, -3.55973816 50.45411589, -3.56258361 50.45407772, -3.56405822 50.45563184, -3.56268729 50.45722419, -3.55984165 50.45726237, -3.55836712 50.45570819)))"
ARH-3361,"MultiPolygon (((-3.57481376 50.43659931, -3.57618375 50.43500677, -3.57902809 50.43496817, -3.58050261 50.4365221, -3.57913273 50.43811468, -3.57628822 50.43815327, -3.57481376 50.43659931)))"
ARV-3379,"MultiPolygon (((-3.5132748 50.38075429, -3.51464523 50.37916252, -3.51748621 50.37912547, -3.51895697 50.38068018, -3.51758663 50.38227199, -3.51474545 50.38230904, -3.5132748 50.38075429)))"
AQX-3363,"MultiPolygon (((-3.6172647 50.42972077, -3.61863301 50.42812779, -3.62147679 50.42808819, -3.62295245 50.42964158, -3.62158424 50.43123461, -3.61874027 50.43127421, -3.6172647 50.42972077)))"
ARI-3369,"MultiPolygon (((-3.56966283 50.40991166, -3.57103221 50.40831919, -3.57387489 50.40828076, -3.57534839 50.40983478, -3.57397912 50.41142729, -3.57113624 50.41146573, -3.56966283 50.40991166)))"
ARG-3361,"MultiPolygon (((-3.57902809 50.43496817, -3.58039788 50.4333756, -3.58324212 50.4333369, -3.5847167 50.43489079, -3.58334701 50.43648342, -3.58050261 50.4365221, -3.57902809 50.43496817)))"
ARO-3356,"MultiPolygon (((-3.54540824 50.4511592, -3.54677958 50.44956704, -3.54962478 50.44952919, -3.55109883 50.45108349, -3.54972759 50.4526757, -3.5468822 50.45271355, -3.54540824 50.4511592)))"
ARR-3377,"MultiPolygon (((-3.53052387 50.38682425, -3.5318939 50.38523225, -3.53473525 50.38519479, -3.53620676 50.38674932, -3.53483682 50.38834137, -3.53199529 50.38837883, -3.53052387 50.38682425)))"
ARM-3369,"MultiPolygon (((-3.55260559 50.41014083, -3.55397557 50.40854856, -3.55681836 50.40851051, -3.55829134 50.41006472, -3.55692148 50.41165704, -3.5540785 50.4116951, -3.55260559 50.41014083)))"
ART-3351,"MultiPolygon (((-3.5246248 50.46874654, -3.52599733 50.46715463, -3.52884358 50.46711728, -3.53031749 50.46867185, -3.52894507 50.47026381, -3.52609863 50.47030116, -3.5246248 50.46874654)))"
ARP-3346,"MultiPolygon (((-3.54221483 50.48425409, -3.54358721 50.48266198, -3.5464344 50.48262418, -3.5479094 50.48417851, -3.54653712 50.48577062, -3.54368974 50.48580843, -3.54221483 50.48425409)))"
ARP-3356,"MultiPolygon (((-3.54119141 50.45278905, -3.54256294 50.45119694, -3.54540824 50.4511592, -3.5468822 50.45271355, -3.54551078 50.45430571, -3.54266528 50.45434346, -3.54119141 50.45278905)))"
ARE-3369,"MultiPolygon (((-3.58671959 50.40968011, -3.58808833 50.40808749, -3.59093099 50.40804864, -3.5924051 50.4096024, -3.59103647 50.41119507, -3.58819362 50.41123393, -3.58671959 50.40968011)))"
ARL-3344,"MultiPolygon (((-3.5595056 50.49031883, -3.56087756 50.48872653, -3.56372508 50.4886882, -3.56520083 50.49024216, -3.56382896 50.49183452, -3.56098125 50.49187285, -3.5595056 50.49031883)))"
ARS-3378,"MultiPolygon (((-3.52611018 50.38216042, -3.5274802 50.3805685, -3.53032127 50.38053114, -3.53179251 50.38208569, -3.53042259 50.38367767, -3.52758133 50.38371504, -3.52611018 50.38216042)))"
ARZ-3352,"MultiPolygon (((-3.49890807 50.46593259, -3.50028136 50.46434098, -3.50312745 50.46430428, -3.50460043 50.46585918, -3.50322722 50.46745084, -3.50038094 50.46748755, -3.49890807 50.46593259)))"
ARH-3356,"MultiPolygon (((-3.57533581 50.4523318, -3.57670619 50.45073932, -3.57955141 50.45070073, -3.58102645 50.45225462, -3.57965617 50.45384714, -3.57681075 50.45388574, -3.57533581 50.4523318)))"
ARY-3349,"MultiPolygon (((-3.50342681 50.47374397, -3.50480019 50.47215231, -3.50764676 50.47211548, -3.50912011 50.47367033, -3.50774685 50.47526204, -3.5049001 50.47529887, -3.50342681 50.47374397)))"
ASB-3358,"MultiPolygon (((-3.48977641 50.44716264, -3.49114948 50.44557113, -3.49399442 50.44553466, -3.49546649 50.4470897, -3.49409352 50.44868125, -3.49124838 50.44871772, -3.48977641 50.44716264)))"
ARV-3370,"MultiPolygon (((-3.5141768 50.40907338, -3.51554799 50.40748159, -3.51839068 50.40744453, -3.51986239 50.40899925, -3.51849125 50.4105911, -3.51564837 50.41062817, -3.5141768 50.40907338)))"
ARM-3378,"MultiPolygon (((-3.5516805 50.38182204, -3.55304962 50.38022983, -3.55589064 50.38019186, -3.55736273 50.38174609, -3.55599371 50.38333835, -3.5531525 50.38337632, -3.5516805 50.38182204)))"
ARS-3354,"MultiPolygon (((-3.52853922 50.4576777, -3.5299113 50.45608574, -3.53275688 50.45604831, -3.53423057 50.45760282, -3.53285859 50.45919483, -3.53001282 50.45923227, -3.52853922 50.4576777)))"
ARU-3354,"MultiPolygon (((-3.52000213 50.45778949, -3.52137454 50.45619762, -3.52422013 50.4561604, -3.52569354 50.45771503, -3.52432127 50.45930694, -3.52147549 50.45934417, -3.52000213 50.45778949)))"
ARZ-3376,"MultiPolygon (((-3.49652534 50.39041459, -3.4978966 50.38882302, -3.50073818 50.38878637, -3.50220869 50.3903413, -3.50083754 50.39193292, -3.49799577 50.39196956, -3.49652534 50.39041459)))"
ARD-3361,"MultiPolygon (((-3.59188005 50.43636696, -3.59324948 50.4347742, -3.5960938 50.43473516, -3.59756886 50.43628888, -3.59619952 50.43788168, -3.59335503 50.43792072, -3.59188005 50.43636696)))"
ARK-3348,"MultiPolygon (((-3.56330975 50.47610277, -3.5646812 50.4745104, -3.56752787 50.47447211, -3.56900327 50.47602612, -3.56763195 50.47761845, -3.56478509 50.4776568, -3.56330975 50.47610277)))"
AQZ-3362,"MultiPolygon (((-3.6088396 50.43298552, -3.61020829 50.43139262, -3.6130523 50.43135322, -3.6145278 50.43290671, -3.61315918 50.43449967, -3.61031499 50.43453908, -3.6088396 50.43298552)))"
ARK-3375,"MultiPolygon (((-3.56051395 50.39114745, -3.56188304 50.38955514, -3.56472461 50.38951694, -3.56619728 50.39107105, -3.56482828 50.39266342, -3.56198652 50.39270162, -3.56051395 50.39114745)))"
AQY-3363,"MultiPolygon (((-3.61294541 50.42820678, -3.61431385 50.42661382, -3.61715756 50.42657432, -3.61863301 50.42812779, -3.6172647 50.42972077, -3.6144208 50.42976027, -3.61294541 50.42820678)))"
ARV-3355,"MultiPolygon (((-3.51568325 50.45627188, -3.51705572 50.45468007, -3.51990128 50.45464294, -3.52137454 50.45619762, -3.52000213 50.45778949, -3.51715637 50.45782663, -3.51568325 50.45627188)))"
ARE-3361,"MultiPolygon (((-3.58756094 50.43485201, -3.58893043 50.43325934, -3.59177459 50.43322045, -3.59324948 50.4347742, -3.59188005 50.43636696, -3.5890357 50.43640585, -3.58756094 50.43485201)))"
ARD-3358,"MultiPolygon (((-3.59219653 50.44580646, -3.59356619 50.44421373, -3.59641104 50.44417469, -3.5978864 50.4457284, -3.59651683 50.4473212, -3.59367181 50.44736023, -3.59219653 50.44580646)))"
ARM-3367,"MultiPolygon (((-3.55281132 50.41643389, -3.55418147 50.41484162, -3.55702465 50.41480355, -3.55849788 50.41635774, -3.55712784 50.41795006, -3.55428446 50.41798814, -3.55281132 50.41643389)))"
ARM-3359,"MultiPolygon (((-3.55363495 50.44160603, -3.55500575 50.44001378, -3.55785037 50.43997572, -3.55932438 50.44152993, -3.55795368 50.44312223, -3.55510887 50.44316028, -3.55363495 50.44160603)))"
ARK-3356,"MultiPolygon (((-3.56247995 50.45093125, -3.56385071 50.4493389, -3.56669588 50.44930063, -3.56817047 50.4508547, -3.56679981 50.4524471, -3.56395446 50.45248537, -3.56247995 50.45093125)))"
ARW-3353,"MultiPolygon (((-3.51156534 50.46104719, -3.51293807 50.45945544, -3.51578382 50.45941843, -3.51725705 50.46097317, -3.51588442 50.46256498, -3.51303848 50.46260199, -3.51156534 50.46104719)))"
ARV-3374,"MultiPolygon (((-3.51377574 50.39648708, -3.51514659 50.39489529, -3.51798852 50.39485823, -3.5194598 50.39641297, -3.51808903 50.39800481, -3.51524691 50.39804186, -3.51377574 50.39648708)))"
ARL-3370,"MultiPolygon (((-3.55681836 50.40851051, -3.55818813 50.40691819, -3.5610308 50.40688004, -3.56250391 50.40843418, -3.56113421 50.41002657, -3.55829134 50.41006472, -3.55681836 50.40851051)))"
ARI-3345,"MultiPolygon (((-3.57216313 50.48542664, -3.57353452 50.48383426, -3.57638168 50.48379575, -3.57785765 50.48534962, -3.57648637 50.48694206, -3.57363902 50.48698057, -3.57216313 50.48542664)))"
ARU-3373,"MultiPolygon (((-3.51808903 50.39800481, -3.5194598 50.39641297, -3.52230181 50.39637582, -3.52377327 50.39793051, -3.52240262 50.3995224, -3.51956042 50.39955955, -3.51808903 50.39800481)))"
ARV-3352,"MultiPolygon (((-3.51598503 50.46571152, -3.51735776 50.46411972, -3.52020388 50.46408257, -3.52167745 50.46563724, -3.52030479 50.46722911, -3.51745847 50.46726626, -3.51598503 50.46571152)))"
ARX-3350,"MultiPolygon (((-3.50764676 50.47211548, -3.50901993 50.47052377, -3.51186635 50.47048685, -3.51333979 50.47204164, -3.51196672 50.47363341, -3.50912011 50.47367033, -3.50764676 50.47211548)))"
ARS-3341,"MultiPolygon (((-3.52985929 50.4985824, -3.53123249 50.49699044, -3.53408054 50.49695292, -3.53555559 50.49850728, -3.53418249 50.50009937, -3.53133425 50.50013691, -3.52985929 50.4985824)))"
ARL-3365,"MultiPolygon (((-3.55733419 50.42424312, -3.55870443 50.42265078, -3.56154807 50.4226126, -3.56302164 50.42416677, -3.56165151 50.42575915, -3.5588077 50.42579732, -3.55733419 50.42424312)))"
ARR-3341,"MultiPolygon (((-3.53418249 50.50009937, -3.53555559 50.49850728, -3.53840374 50.49846955, -3.53987898 50.50002388, -3.53850598 50.50161595, -3.53565764 50.50165369, -3.53418249 50.50009937)))"
AQY-3362,"MultiPolygon (((-3.6130523 50.43135322, -3.6144208 50.42976027, -3.6172647 50.42972077, -3.61874027 50.43127421, -3.61737188 50.4328672, -3.6145278 50.43290671, -3.6130523 50.43135322)))"
ARJ-3356,"MultiPolygon (((-3.56679981 50.4524471, -3.56817047 50.4508547, -3.57101571 50.45081631, -3.57249048 50.45237031, -3.57111993 50.45396275, -3.5682745 50.45400115, -3.56679981 50.4524471)))"
ARK-3350,"MultiPolygon (((-3.5631022 50.46980992, -3.56447348 50.46821758, -3.56731977 50.46817933, -3.56879496 50.46973335, -3.56742381 50.47132571, -3.56457733 50.47136398, -3.5631022 50.46980992)))"
ARU-3372,"MultiPolygon (((-3.51818956 50.40115139, -3.51956042 50.39955955, -3.52240262 50.3995224, -3.52387418 50.40107708, -3.52250345 50.40266896, -3.51966106 50.40270612, -3.51818956 50.40115139)))"
ARK-3363,"MultiPolygon (((-3.561755 50.42890567, -3.5631252 50.4273133, -3.565969 50.42727509, -3.56744285 50.42882921, -3.56607277 50.43042162, -3.56322877 50.43045984, -3.561755 50.42890567)))"
ARQ-3378,"MultiPolygon (((-3.53463367 50.38204823, -3.53600339 50.3804562, -3.53884444 50.38041865, -3.54031597 50.38197311, -3.53894635 50.38356518, -3.5361051 50.38360274, -3.53463367 50.38204823)))"
ARC-3362,"MultiPolygon (((-3.59598804 50.43158867, -3.59735717 50.4299959, -3.6002012 50.42995676, -3.60167626 50.43151041, -3.60030727 50.43310321, -3.59746305 50.43314236, -3.59598804 50.43158867)))"
ARS-3350,"MultiPolygon (((-3.52894507 50.47026381, -3.53031749 50.46867185, -3.53316382 50.4686344, -3.53463793 50.47018891, -3.53326561 50.47178092, -3.53041908 50.47181838, -3.52894507 50.47026381)))"
ARB-3365,"MultiPolygon (((-3.59998919 50.42366379, -3.60135787 50.42207101, -3.60420131 50.42203184, -3.60567627 50.42358543, -3.60430769 50.42517826, -3.60146406 50.42521743, -3.59998919 50.42366379)))"
ARU-3347,"MultiPolygon (((-3.52070857 50.47981525, -3.52208157 50.47822338, -3.52492849 50.47818613, -3.52640263 50.47974074, -3.52502976 50.48133265, -3.52218265 50.48136991, -3.52070857 50.47981525)))"
ARN-3357,"MultiPolygon (((-3.54962478 50.44952919, -3.55099594 50.44793699, -3.55384104 50.44789904, -3.55531517 50.44945328, -3.55394412 50.45104553, -3.55109883 50.45108349, -3.54962478 50.44952919)))"
ARV-3356,"MultiPolygon (((-3.5155827 50.45312532, -3.51695507 50.45153352, -3.51980045 50.45149639, -3.5212736 50.45305107, -3.51990128 50.45464294, -3.51705572 50.45468007, -3.5155827 50.45312532)))"
ARN-3347,"MultiPolygon (((-3.55065369 50.48099411, -3.55202569 50.47940188, -3.55487267 50.4793638, -3.55634783 50.48091795, -3.55497593 50.48251024, -3.55212876 50.48254834, -3.55065369 50.48099411)))"
ARO-3372,"MultiPolygon (((-3.54377032 50.40081469, -3.54514031 50.39922254, -3.54798254 50.39918473, -3.54945494 50.40073908, -3.54808506 50.40233126, -3.54524265 50.40236908, -3.54377032 50.40081469)))"
ARX-3353,"MultiPolygon (((-3.50734657 50.46267581, -3.50871949 50.4610841, -3.51156534 50.46104719, -3.51303848 50.46260199, -3.51166566 50.46419375, -3.50881962 50.46423066, -3.50734657 50.46267581)))"
ARX-3352,"MultiPolygon (((-3.50744661 50.46582236, -3.50881962 50.46423066, -3.51166566 50.46419375, -3.5131389 50.46574854, -3.511766 50.4673403, -3.50891977 50.46737721, -3.50744661 50.46582236)))"
ARM-3347,"MultiPolygon (((-3.55487267 50.4793638, -3.55624448 50.47777152, -3.55909135 50.47773335, -3.5605666 50.47928744, -3.55919489 50.48087976, -3.55634783 50.48091795, -3.55487267 50.4793638)))"
ASA-3351,"MultiPolygon (((-3.49468842 50.46756075, -3.49606191 50.46596918, -3.49890807 50.46593259, -3.50038094 50.46748755, -3.49900756 50.46907916, -3.49616121 50.46911576, -3.49468842 50.46756075)))"
ARL-3358,"MultiPolygon (((-3.55805701 50.44626873, -3.55942779 50.44467643, -3.56227269 50.44463827, -3.56374699 50.44619241, -3.56237631 50.44778476, -3.55953123 50.44782292, -3.55805701 50.44626873)))"
ARH-3367,"MultiPolygon (((-3.57418768 50.41772032, -3.57555713 50.4161278, -3.57840036 50.4160892, -3.57987433 50.41764311, -3.57850489 50.41923573, -3.57566146 50.41927434, -3.57418768 50.41772032)))"
ARL-3373,"MultiPolygon (((-3.55650909 50.3990709, -3.55787858 50.3974786, -3.56072065 50.39744049, -3.56219341 50.39899466, -3.56082401 50.40058701, -3.55798175 50.40062514, -3.55650909 50.3990709)))"
ARI-3365,"MultiPolygon (((-3.57007876 50.42249778, -3.57144848 50.42090531, -3.57429195 50.42086684, -3.57576592 50.42242081, -3.57439632 50.42401332, -3.57155262 50.42405182, -3.57007876 50.42249778)))"
ARK-3367,"MultiPolygon (((-3.56134115 50.41631956, -3.56271098 50.41472721, -3.56555412 50.41468895, -3.56702759 50.41624306, -3.56565785 50.41783547, -3.56281457 50.4178737, -3.56134115 50.41631956)))"
ARW-3347,"MultiPolygon (((-3.51216751 50.47992649, -3.51354075 50.47833473, -3.51638764 50.4782977, -3.51786149 50.47985242, -3.51648833 50.48144423, -3.51364126 50.48148127, -3.51216751 50.47992649)))"
ARV-3347,"MultiPolygon (((-3.51648833 50.48144423, -3.51786149 50.47985242, -3.52070857 50.47981525, -3.52218265 50.48136991, -3.52080956 50.48296178, -3.5179623 50.48299895, -3.51648833 50.48144423)))"
ARU-3351,"MultiPolygon (((-3.52030479 50.46722911, -3.52167745 50.46563724, -3.52452361 50.46560001, -3.52599733 50.46715463, -3.5246248 50.46874654, -3.52177845 50.46878378, -3.52030479 50.46722911)))"
ASC-3375,"MultiPolygon (((-3.48378682 50.39215176, -3.48515856 50.39056034, -3.48800026 50.39052401, -3.48947042 50.3920791, -3.4880988 50.39367058, -3.4852569 50.39370692, -3.48378682 50.39215176)))"
ASA-3341,"MultiPolygon (((-3.49568135 50.49902645, -3.49705568 50.49743488, -3.49990373 50.49739824, -3.50137764 50.49895317, -3.5000034 50.5005448, -3.49715516 50.50058144, -3.49568135 50.49902645)))"
ASB-3348,"MultiPolygon (((-3.49076536 50.4786285, -3.49213929 50.47703699, -3.49498612 50.47700048, -3.49645921 50.47855549, -3.49508538 50.48014705, -3.49223836 50.48018356, -3.49076536 50.4786285)))"
ARV-3363,"MultiPolygon (((-3.51487931 50.4310994, -3.51625107 50.4295076, -3.51909511 50.42947051, -3.52056755 50.43102521, -3.51919582 50.43261707, -3.51635159 50.43265417, -3.51487931 50.4310994)))"
ARU-3365,"MultiPolygon (((-3.51889374 50.42317738, -3.52026521 50.42158553, -3.52310874 50.42154835, -3.52458101 50.42310301, -3.52320968 50.42469491, -3.52036597 50.42473209, -3.51889374 50.42317738)))"
ARN-3364,"MultiPolygon (((-3.54890565 50.42750362, -3.55027622 50.42591142, -3.55312004 50.42587347, -3.55459347 50.42742771, -3.55322298 50.42901998, -3.55037897 50.42905794, -3.54890565 50.42750362)))"
ARP-3364,"MultiPolygon (((-3.54037399 50.42761687, -3.54174485 50.42602477, -3.54458864 50.42598706, -3.54606177 50.42754144, -3.54469102 50.42913358, -3.54184704 50.4291713, -3.54037399 50.42761687)))"
ASG-3369,"MultiPolygon (((-3.46731898 50.41124772, -3.4686918 50.40965647, -3.47153466 50.40962054, -3.4730049 50.41117586, -3.47163218 50.41276715, -3.46878913 50.41280308, -3.46731898 50.41124772)))"
ARH-3371,"MultiPolygon (((-3.5737706 50.40513428, -3.57513966 50.40354181, -3.57798206 50.40350327, -3.57945559 50.40505721, -3.57808663 50.40664974, -3.57524403 50.40668828, -3.5737706 50.40513428)))"
ARS-3360,"MultiPolygon (((-3.52793099 50.43879847, -3.52930256 50.43720653, -3.532147 50.43716912, -3.53362007 50.43872366, -3.53224861 50.44031566, -3.52940397 50.44035307, -3.52793099 50.43879847)))"
ARV-3335,"MultiPolygon (((-3.51769804 50.51920246, -3.51907226 50.51761057, -3.52192155 50.51757329, -3.52339679 50.51912792, -3.5220227 50.52071983, -3.51917323 50.5207571, -3.51769804 50.51920246)))"
ARI-3353,"MultiPolygon (((-3.57132841 50.4602557, -3.57269912 50.45866326, -3.5755448 50.45862476, -3.57701995 50.46017871, -3.57564933 50.46177119, -3.57280347 50.46180969, -3.57132841 50.4602557)))"
ASD-3358,"MultiPolygon (((-3.4812412 50.44727155, -3.48261458 50.44568012, -3.48545957 50.44564385, -3.48693136 50.447199, -3.4855581 50.44879046, -3.48271293 50.44882673, -3.4812412 50.44727155)))"
ASB-3346,"MultiPolygon (((-3.49096336 50.48492166, -3.49233746 50.48333014, -3.49518466 50.48329362, -3.49665796 50.48484862, -3.49528396 50.48644019, -3.49243656 50.48647671, -3.49096336 50.48492166)))"
ASB-3355,"MultiPolygon (((-3.4900729 50.45660241, -3.49144623 50.4550109, -3.49429174 50.45497442, -3.49576411 50.45652945, -3.49439089 50.45812101, -3.49154519 50.45815749, -3.4900729 50.45660241)))"
ARZ-3379,"MultiPolygon (((-3.49622821 50.38097495, -3.49759923 50.3793834, -3.50044024 50.37934676, -3.50191043 50.38090167, -3.50053951 50.38249327, -3.4976983 50.38252992, -3.49622821 50.38097495)))"
ART-3360,"MultiPolygon (((-3.52371469 50.44042768, -3.52508645 50.43883578, -3.52793099 50.43879847, -3.52940397 50.44035307, -3.52803232 50.44194502, -3.52518758 50.44198232, -3.52371469 50.44042768)))"
ARL-3378,"MultiPolygon (((-3.55599371 50.38333835, -3.55736273 50.38174609, -3.56020383 50.38170801, -3.5616761 50.38326218, -3.56030719 50.38485449, -3.55746589 50.38489257, -3.55599371 50.38333835)))"
ARZ-3358,"MultiPolygon (((-3.49831152 50.44705312, -3.49968431 50.44546151, -3.50252925 50.44542484, -3.50400159 50.44697976, -3.5026289 50.44857142, -3.49978377 50.4486081, -3.49831152 50.44705312)))"
ASD-3359,"MultiPolygon (((-3.48114295 50.44412494, -3.48251626 50.44253352, -3.48536105 50.44249725, -3.48683274 50.4440524, -3.48545957 50.44564385, -3.48261458 50.44568012, -3.48114295 50.44412494)))"
ASH-3356,"MultiPolygon (((-3.4643649 50.45378073, -3.46573903 50.45218951, -3.46858444 50.45215365, -3.47005589 50.453709, -3.46868189 50.45530025, -3.46583629 50.45533612, -3.4643649 50.45378073)))"
ARW-3344,"MultiPolygon (((-3.51246884 50.48936611, -3.51384233 50.48777435, -3.51668979 50.48773731, -3.51816396 50.48929202, -3.51679054 50.49088384, -3.5139429 50.49092089, -3.51246884 50.48936611)))"
ASB-3341,"MultiPolygon (((-3.49145867 50.50065451, -3.49283319 50.49906299, -3.49568135 50.49902645, -3.49715516 50.50058144, -3.49578074 50.50217302, -3.4929324 50.50220955, -3.49145867 50.50065451)))"
AQY-3361,"MultiPolygon (((-3.61315918 50.43449967, -3.6145278 50.43290671, -3.61737188 50.4328672, -3.61884753 50.43442066, -3.61747901 50.43601368, -3.61463473 50.43605319, -3.61315918 50.43449967)))"
ASD-3365,"MultiPolygon (((-3.4805538 50.42524531, -3.48192657 50.42365391, -3.48477025 50.42361766, -3.48624134 50.42517281, -3.48486868 50.42676426, -3.48202482 50.42680051, -3.4805538 50.42524531)))"
ARU-3360,"MultiPolygon (((-3.51939729 50.43891018, -3.52076919 50.43731832, -3.52361365 50.43728113, -3.52508645 50.43883578, -3.52371469 50.44042768, -3.52087003 50.44046488, -3.51939729 50.43891018)))"
Torbay Capital,Point (-3.56485529 50.43547671)
Torbay LCWIP,Point (-3.56485529 50.43547671)
