"wkt_geom","GRID_ID","Entity Type"
"MultiPolygon (((-4.086186 50.611137, -4.087544 50.609539, -4.090397 50.609488, -4.091894 50.611035, -4.090537 50.612633, -4.087683 50.612685, -4.086186 50.611137)))","AMT-3303","Hex"
"POINT(-4.098663 50.470644)","Drakes Trail - Yelverton to Dousland","Scheme"
