"wkt_geom","GRID_ID","Entity Type"
"MultiPolygon (((-3.728062 50.775963, -3.729436 50.774369, -3.732301 50.774326, -3.733791 50.775878, -3.732417 50.777472, -3.729552 50.777515, -3.728062 50.775963)))","AQA-3252","Hex"
"MultiPolygon (((-3.469524 50.894396, -3.470910 50.892805, -3.473782 50.892769, -3.475268 50.894324, -3.473882 50.895915, -3.471009 50.895951, -3.469524 50.894396)))","ASJ-3216","Hex"
"MultiPolygon (((-3.417482 51.025664, -3.418874 51.024073, -3.421755 51.024038, -3.423243 51.025594, -3.421851 51.027184, -3.418970 51.027219, -3.417482 51.025664)))","ASW-3174","Hex"
"MultiPolygon (((-3.396608 50.906308, -3.397998 50.904718, -3.400871 50.904683, -3.402354 50.906239, -3.400965 50.907830, -3.398092 50.907864, -3.396608 50.906308)))","ATA-3212","Hex"
"POINT(-3.450000 50.900000)","Mid Devon LCWIP","Scheme"
"POINT(-3.552469 50.750991)","Boniface Trail","Scheme"
