"wkt_geom","GRID_ID","Entity Type"
"MultiPolygon (((-3.916851 50.450354, -3.918209 50.448758, -3.921054 50.448711, -3.922540 50.450260, -3.921181 50.451857, -3.918337 50.451904, -3.916851 50.450354)))","AOF-3355","Hex"
"POINT(-4.181846 50.371661)","Freeport Langage Access Road Phase 1B","Scheme"
"POINT(-3.915106 50.390872)","B3213 Exeter Road Crossing, Ivybridge","Scheme"
