"wkt_geom","GRID_ID","Entity Type"
"MultiPolygon (((-3.739238 50.497216, -3.740604 50.495622, -3.743452 50.495579, -3.744934 50.497131, -3.743568 50.498726, -3.740720 50.498768, -3.739238 50.497216)))","APV-3341","Hex"
"MultiPolygon (((-3.833999 50.626399, -3.835365 50.624804, -3.838221 50.624759, -3.839710 50.626309, -3.838343 50.627905, -3.835488 50.627950, -3.833999 50.626399)))","APA-3299","Hex"
"POINT(-3.676926 50.589861)","Indio Road Vehicle and Access Lane Modal Filter, Bovey Tracey","Scheme"
"POINT(-3.620757 50.523561)","Ogwell to Newton Abbot cycle route Phase 2d","Scheme"
"POINT(-3.600000 50.550000)","Teignbridge LCWIP","Scheme"
"POINT(-3.676926 50.589861)","Indio Road Vehicle and Access Lane Modal Filter, Bovey Tracey","Scheme"
