"wkt_geom","GRID_ID","Entity Type"
"MultiPolygon (((-3.272249 50.772384, -3.273638 50.770795, -3.276503 50.770763, -3.277979 50.772321, -3.276589 50.773910, -3.273724 50.773941, -3.272249 50.772384)))","AUC-3255","Hex"
"MultiPolygon (((-3.054652 50.845374, -3.056051 50.843787, -3.058921 50.843761, -3.060391 50.845322, -3.058992 50.846908, -3.056122 50.846934, -3.054652 50.845374)))","AWB-3233","Hex"
"MultiPolygon (((-3.232501 50.895566, -3.233895 50.893977, -3.236768 50.893947, -3.238246 50.895505, -3.236851 50.897093, -3.233978 50.897124, -3.232501 50.895566)))","AUM-3216","Hex"
"MultiPolygon (((-3.251307 50.793070, -3.252698 50.791481, -3.255564 50.791450, -3.257040 50.793008, -3.255649 50.794597, -3.252782 50.794628, -3.251307 50.793070)))","AUH-3249","Hex"
"POINT(-3.250000 50.750000)","East Devon LCWIP","Scheme"
"POINT(-3.250000 50.750000)","Exeter Airport Bus scheme","Scheme"
"POINT(-3.227518 50.707958)","Sidbury to Sidford walking & cycle link","Scheme"
"POINT(-3.242597 50.694778)","ATF5 Crossing Woolbrook Road Sidmouth","Scheme"
